superclass,abbreviation,snomed_ct,dx
MI,MI,164865005,myocardial infarction
MI,AMI,57054005,acute myocardial infarction
MI,AnMI,54329005,anterior myocardial infarction
MI,OldMI,164867002,old myocardial infarction
STTC,TAb,164934002,t wave abnormal
STTC,TInv,59931005,t wave inversion
STTC,NSSTTA,428750005,nonspecific st t abnormality
STTC,STC,55930002,s t changes
STTC,STD,429622005,st depression
STTC,STE,164931005,st elevation
STTC,STIAb,164930006,st interval abnormal
STTC,LQT,111975006,prolonged qt interval
STTC,AnMIs,426434006,anterior ischemia
STTC,IIs,425419005,inferior ischaemia
STTC,LIs,425623009,lateral ischaemia
STTC,MIs,164861001,myocardial ischemia
STTC,AMIs,413444003,acute myocardial ischemia
STTC,CMI,413844008,chronic myocardial ischemia
STTC,ISTD,704997005,inferior ST segment depression
CD,RBBB,59118001,right bundle branch block
CD,CRBBB,713427006,complete right bundle branch block
CD,IRBBB,713426002,incomplete right bundle branch block
CD,LBBB,164909002,left bundle branch block
CD,CLBBB,733534002,complete left bundle branch block
CD,ILBBB,251120003,incomplete left bundle branch block
CD,BBB,6374002,bundle branch block
CD,LAnFB,445118002,left anterior fascicular block
CD,LPFB,445211001,left posterior fascicular block
CD,IAVB,270492004,1st degree av block
CD,IIAVB,195042002,2nd degree av block
CD,IIAVBII,426183003,mobitz type II atrioventricular block
CD,MoI,54016002,mobitz type i wenckebach atrioventricular block
CD,AVB,233917008,av block
CD,CHB,27885002,complete heart block
CD,NSIVCB,698252002,nonspecific intraventricular conduction disorder
CD,DIB,82226007,diffuse intraventricular block
CD,WPW,74390002,wolff parkinson white pattern
HYP,LVH,164873001,left ventricular hypertrophy
HYP,RVH,89792004,right ventricular hypertrophy
HYP,VH,266249003,ventricular hypertrophy
HYP,LAE,67741000119109,left atrial enlargement
HYP,LAA,253352002,left atrial abnormality
HYP,LAH,446813000,left atrial hypertrophy
HYP,RAH,446358003,right atrial hypertrophy
HYP,RAAb,253339007,right atrial abnormality
HYP,RAHV,67751000119106,right atrial  high voltage
HYP,AH,195126007,atrial hypertrophy
NORM-compatible (A_primary),NSR,426783006,sinus rhythm
NORM-compatible (A_primary),SB,426177001,sinus bradycardia
NORM-compatible (A_primary),STach,427084000,sinus tachycardia
NORM-compatible (A_primary),SA,427393009,sinus arrhythmia
NORM-compatible (A_primary),LQRSV,251146004,low qrs voltages
NORM-compatible (A_primary),LAD,39732003,left axis deviation
NORM-compatible (A_primary),RAD,47665007,right axis deviation
NORM-compatible (B_strict),NSR,426783006,sinus rhythm
