model,NORM,MI,STTC,CD,HYP
prevalence,0.9351302210282025,0.9907314082216643,1.013965301633286,0.9439760136087751,0.9996120897207083
logreg,1.0564641406476163,1.0074050619141766,0.9885077896589515,1.017946393406044,1.0400485600886755
hgb_ens,1.1003939732396018,0.9935005296451382,0.8757762431279085,1.0338371326685212,1.0734047936450335
resnet1d_ens,1.2347954634066067,1.0375319877112599,0.8674355644807494,1.097696417936408,1.0561554566528761
resnet1d_seed0,1.3956459762626183,1.235204160544927,1.0417483380892754,1.3291769607311075,1.3156055065016878
resnet1d_seed1,1.3953898202462995,1.7630596632249453,0.9829162568369354,1.1543857897764,0.8530266482377671
resnet1d_seed2,1.3209597921777858,1.1862046358628466,1.0367268008058388,1.2022945908182643,1.2157804673551993
resnet1d_seed3,1.1579547025644228,0.8632165389189796,0.9957543960756642,1.0466659488366836,1.177579510526623
resnet1d_seed4,1.6153366751569447,1.4650947694217615,1.0449601937052655,1.5098353078253972,1.2078412540412484
fcn_ens,1.2149664465374805,1.061699144607289,0.9546337057594091,1.051634721510518,1.0522269748265227
fcn_seed0,1.3740841816962948,1.2490080834036303,1.0054528212738194,1.1593660569965039,1.0992963512977707
fcn_seed1,1.2748926591405811,1.3594590124875676,1.0309051673585028,1.320057503258461,0.9663322415189032
fcn_seed2,1.202336955888922,1.0330663063291092,0.9727141499250797,0.948289094716842,1.0351854777608627
fcn_seed3,1.2382466472637477,0.9138065576910306,0.9374444056300018,1.0194920412376038,1.0988935216001363
fcn_seed4,1.2624340231195188,1.0683454971661337,1.0436615284412203,1.137480020723981,1.1953201924394523
resnet1d,1.3956459762626183,1.235204160544927,1.0417483380892754,1.3291769607311075,1.3156055065016878
