path,bytes
RESULTS_AUDIT.md,4483
config/environment_lock.json,307
config/normalisation.json,650
config/run_config.json,1915
config/run_manifest.json,1292
data_audit/DATA_PROVENANCE.json,2624
figures/Fig2_reliability_indomain.pdf,21394
figures/Fig2_reliability_indomain.png,190399
figures/Fig2_reliability_indomain.svg,68300
figures/Fig3_coverage_mondrian_vs_global.pdf,18000
figures/Fig3_coverage_mondrian_vs_global.png,57160
figures/Fig3_coverage_mondrian_vs_global.svg,45864
figures/Fig4_external_coverage_vs_budget.pdf,20042
figures/Fig4_external_coverage_vs_budget.png,188580
figures/Fig4_external_coverage_vs_budget.svg,65358
figures/Fig5_external_referral_vs_budget.pdf,19495
figures/Fig5_external_referral_vs_budget.png,157722
figures/Fig5_external_referral_vs_budget.svg,58566
figures/Fig6_robustness.pdf,14249
figures/Fig6_robustness.png,67844
figures/Fig6_robustness.svg,31352
figures/Fig7_subgroup_coverage.pdf,17263
figures/Fig7_subgroup_coverage.png,96573
figures/Fig7_subgroup_coverage.svg,36186
figures/Fig8_coverage_calibration_resplits.pdf,15635
figures/Fig8_coverage_calibration_resplits.png,68008
figures/Fig8_coverage_calibration_resplits.svg,45798
figures/Fig9_age_aware_conformal.pdf,19726
figures/Fig9_age_aware_conformal.png,69913
figures/Fig9_age_aware_conformal.svg,62784
logs/history_fcn_seed0.csv,2048
logs/history_fcn_seed1.csv,1815
logs/history_fcn_seed2.csv,1756
logs/history_fcn_seed3.csv,1641
logs/history_fcn_seed4.csv,2350
logs/history_resnet1d_seed0.csv,1050
logs/history_resnet1d_seed1.csv,750
logs/history_resnet1d_seed2.csv,1103
logs/history_resnet1d_seed3.csv,1045
logs/history_resnet1d_seed4.csv,1166
logs/run_log.txt,5342
models/conformal_thresholds_source.json,4799
models/fcn_seed0_best.pt,1118761
models/fcn_seed1_best.pt,1118761
models/fcn_seed2_best.pt,1118761
models/fcn_seed3_best.pt,1118761
models/fcn_seed4_best.pt,1118761
models/resnet1d_seed0_best.pt,16844235
models/resnet1d_seed1_best.pt,16844235
models/resnet1d_seed2_best.pt,16844235
models/resnet1d_seed3_best.pt,16844235
models/resnet1d_seed4_best.pt,16844235
predictions/fcn_seed0_calib.npz,12994
predictions/fcn_seed0_ext_chapman.npz,46189
predictions/fcn_seed0_ext_georgia.npz,55046
predictions/fcn_seed0_test.npz,25453
predictions/fcn_seed0_tune.npz,13004
predictions/fcn_seed1_calib.npz,12955
predictions/fcn_seed1_ext_chapman.npz,46398
predictions/fcn_seed1_ext_georgia.npz,54947
predictions/fcn_seed1_test.npz,25413
predictions/fcn_seed1_tune.npz,13001
predictions/fcn_seed2_calib.npz,13101
predictions/fcn_seed2_ext_chapman.npz,46443
predictions/fcn_seed2_ext_georgia.npz,55358
predictions/fcn_seed2_test.npz,25660
predictions/fcn_seed2_tune.npz,13108
predictions/fcn_seed3_calib.npz,13125
predictions/fcn_seed3_ext_chapman.npz,46512
predictions/fcn_seed3_ext_georgia.npz,55314
predictions/fcn_seed3_test.npz,25643
predictions/fcn_seed3_tune.npz,13106
predictions/fcn_seed4_calib.npz,13047
predictions/fcn_seed4_ext_chapman.npz,46314
predictions/fcn_seed4_ext_georgia.npz,55081
predictions/fcn_seed4_test.npz,25635
predictions/fcn_seed4_tune.npz,13074
predictions/hgb_seed0_calib.npz,19753
predictions/hgb_seed0_ext_chapman.npz,73394
predictions/hgb_seed0_ext_georgia.npz,86400
predictions/hgb_seed0_test.npz,39470
predictions/hgb_seed0_tune.npz,19762
predictions/hgb_seed1_calib.npz,19739
predictions/hgb_seed1_ext_chapman.npz,73356
predictions/hgb_seed1_ext_georgia.npz,86387
predictions/hgb_seed1_test.npz,39468
predictions/hgb_seed1_tune.npz,19756
predictions/hgb_seed2_calib.npz,19747
predictions/hgb_seed2_ext_chapman.npz,73418
predictions/hgb_seed2_ext_georgia.npz,86405
predictions/hgb_seed2_test.npz,39486
predictions/hgb_seed2_tune.npz,19763
predictions/hgb_seed3_calib.npz,19759
predictions/hgb_seed3_ext_chapman.npz,73375
predictions/hgb_seed3_ext_georgia.npz,86406
predictions/hgb_seed3_test.npz,39497
predictions/hgb_seed3_tune.npz,19771
predictions/hgb_seed4_calib.npz,19774
predictions/hgb_seed4_ext_chapman.npz,73419
predictions/hgb_seed4_ext_georgia.npz,86415
predictions/hgb_seed4_test.npz,39519
predictions/hgb_seed4_tune.npz,19769
predictions/logreg_seed0_calib.npz,19867
predictions/logreg_seed0_ext_chapman.npz,73624
predictions/logreg_seed0_ext_georgia.npz,86662
predictions/logreg_seed0_test.npz,39615
predictions/logreg_seed0_tune.npz,19884
predictions/prevalence_seed0_calib.npz,323
predictions/prevalence_seed0_ext_chapman.npz,464
predictions/prevalence_seed0_ext_georgia.npz,496
predictions/prevalence_seed0_test.npz,374
predictions/prevalence_seed0_tune.npz,323
predictions/resnet1d_seed0_calib.npz,962003
predictions/resnet1d_seed0_ext_chapman.npz,3586659
predictions/resnet1d_seed0_ext_georgia.npz,4166463
predictions/resnet1d_seed0_test.npz,1936345
predictions/resnet1d_seed0_tune.npz,962179
predictions/resnet1d_seed1_calib.npz,962217
predictions/resnet1d_seed1_ext_chapman.npz,3584414
predictions/resnet1d_seed1_ext_georgia.npz,4179124
predictions/resnet1d_seed1_test.npz,1934557
predictions/resnet1d_seed1_tune.npz,961427
predictions/resnet1d_seed2_calib.npz,958388
predictions/resnet1d_seed2_ext_chapman.npz,3587379
predictions/resnet1d_seed2_ext_georgia.npz,4157992
predictions/resnet1d_seed2_test.npz,1929607
predictions/resnet1d_seed2_tune.npz,959108
predictions/resnet1d_seed3_calib.npz,960944
predictions/resnet1d_seed3_ext_chapman.npz,3592500
predictions/resnet1d_seed3_ext_georgia.npz,4188895
predictions/resnet1d_seed3_test.npz,1931883
predictions/resnet1d_seed3_tune.npz,960892
predictions/resnet1d_seed4_calib.npz,958419
predictions/resnet1d_seed4_ext_chapman.npz,3582282
predictions/resnet1d_seed4_ext_georgia.npz,4148220
predictions/resnet1d_seed4_test.npz,1928136
predictions/resnet1d_seed4_tune.npz,958299
tables/S01_snomed_to_superclass_map.csv,2585
tables/S02_signal_status_ext_chapman.csv,41
tables/S02_signal_status_ext_georgia.csv,74
tables/S02_signal_status_ptbxl.csv,31
tables/S03_hpo_classical.csv,207
tables/S04_training_history.csv,16002
tables/S05_temperatures.csv,1712
tables/S06_external_conformal_all_repeats.csv,1557558
tables/S07_calibration_resplits_raw.csv,131404
tables/S08_age_aware_threshold_sources.csv,1795
tables/S99_output_inventory.csv,6409
tables/T00_split_table.csv,370
tables/T01_dataset_summary.csv,514
tables/T01b_label_mapping_audit.csv,1300
tables/T02_discrimination_indomain.csv,2165
tables/T03_calibration_indomain.csv,1688
tables/T04_paired_tests.csv,461
tables/T05_conformal_indomain.csv,27186
tables/T05b_conformal_record_level.csv,1638
tables/T06_subgroup_coverage.csv,2383
tables/T07_ablations.csv,1288
tables/T08_external_discrimination_calibration.csv,2870
tables/T09_external_conformal_summary.csv,92572
tables/T10_shift_magnitude.csv,443
tables/T10b_external_recalibration_ece.csv,646
tables/T11_robustness.csv,724
tables/T12_efficiency.csv,388
tables/T13_gate_dashboard.csv,1089
tables/T14_age_aware_conformal.csv,15346
tables/T15_calibration_resplits_summary.csv,2444
tables/T16_finite_sample_coverage_check.csv,1910
