norm_rule,class,n_records,indeterminate_rate,prevalence_ptbxl,prevalence_mapped,cohen_kappa,sensitivity,specificity,id_alignment,audit_valid
A_primary,NORM,4755,0.03255340793489314,0.4201892744479495,0.38569926393270243,0.9284075936314321,0.9179179179179179,1.0,1.0,True
A_primary,MI,4755,0.03255340793489314,0.26540483701366985,0.26540483701366985,1.0,1.0,1.0,1.0,True
A_primary,STTC,4755,0.03255340793489314,0.25678233438485804,0.2858044164037855,0.9266763077282025,1.0,0.9609507640067911,1.0,True
A_primary,CD,4755,0.03255340793489314,0.2334384858044164,0.2334384858044164,1.0,1.0,1.0,1.0,True
A_primary,HYP,4755,0.03255340793489314,0.1259726603575184,0.13732912723449,0.9503439009268287,1.0,0.9870067372473532,1.0,True
B_strict,NORM,4371,0.11068158697863684,0.3692518874399451,0.33173186913749714,0.9177189908706743,0.8983890954151177,1.0,1.0,True
B_strict,MI,4371,0.11068158697863684,0.2887211164493251,0.2887211164493251,1.0,1.0,1.0,1.0,True
B_strict,STTC,4371,0.11068158697863684,0.27934111187371313,0.3109128345916266,0.9242070932444322,1.0,0.9561904761904761,1.0,True
B_strict,CD,4371,0.11068158697863684,0.2539464653397392,0.2539464653397392,1.0,1.0,1.0,1.0,True
B_strict,HYP,4371,0.11068158697863684,0.1370395790436971,0.1493937314115763,0.9496750457016954,1.0,0.9856839872746553,1.0,True
