model,calibration,macro_ece,brier,ece_NORM,ece_MI,ece_STTC,ece_CD,ece_HYP
prevalence,none,0.0296020781212211,0.18077383935451508,0.038988392782830006,0.029152142990508275,0.022811118972533496,0.032343864896653196,0.024714870963580524
prevalence,temperature,0.030765258922104445,0.18082141507074626,0.040189004774908395,0.02902569853227109,0.022616383851390406,0.03729675058620161,0.024698456865750708
logreg,none,0.02199411637245128,0.1091708168387413,0.02965069828419907,0.01899156582725612,0.023624335007398526,0.01450828605774269,0.02319569668565999
logreg,temperature,0.02121708259884002,0.10905854613209026,0.027343461813472636,0.01837852937066183,0.023178049301976096,0.014428266171944319,0.02275710633614522
hgb_ens,none,0.024757360623833536,0.09782487154006958,0.027674753835167567,0.023037185987407574,0.023048402256469577,0.031427136952949956,0.018599324087173
hgb_ens,temperature,0.023396633944053166,0.09760799926971325,0.02270853311652533,0.023453350099827103,0.023660537305255712,0.029570419263000698,0.017590329935656998
fcn_ens,none,0.020463071068551608,0.08205519616603851,0.02501609142923873,0.025430744997224836,0.019114316279712492,0.01787108345176469,0.01488311918481729
fcn_ens,temperature,0.01938107553959346,0.0818333920813297,0.022726378500135085,0.023250048085331692,0.019209056922813765,0.017468439280134085,0.014251454909552673
resnet1d_ens,none,0.020631224447144915,0.08456889539957047,0.028046208599528805,0.01776023599231984,0.027271441274613447,0.015030144643905096,0.01504809172535738
resnet1d_ens,temperature,0.017223659127765092,0.08438631292976942,0.017484223292546664,0.016132773639425536,0.028507726236980033,0.009992852839807359,0.01400071963006587
