class,true_class,n,coverage,cov_ci_low,cov_ci_high,singleton_correct_rate,mean_set_size,singleton_rate,uncertain_rate,empty_rate,model,cp,alpha
NORM,1,963,0.9138110072689511,0.8942753641725726,0.9307681345709368,0.8494288681204569,1.061167747914736,0.9388322520852641,0.061167747914735865,0.0,resnet1d_ens,mondrian,0.1
NORM,0,1195,0.8761506276150628,0.8561255924096602,0.8943023887793687,0.8175732217573222,1.061167747914736,0.9388322520852641,0.061167747914735865,0.0,resnet1d_ens,mondrian,0.1
MI,1,550,0.8945454545454545,0.8658133908286618,0.918945612599419,0.7436363636363637,1.1672845227062094,0.8327154772937906,0.16728452270620944,0.0,resnet1d_ens,mondrian,0.1
MI,0,1608,0.8992537313432836,0.8834944835570088,0.913537223755897,0.7263681592039801,1.1672845227062094,0.8327154772937906,0.16728452270620944,0.0,resnet1d_ens,mondrian,0.1
STTC,1,521,0.8790786948176583,0.8479529443456952,0.90581736380458,0.7715930902111324,1.0908248378127896,0.9091751621872104,0.09082483781278962,0.0,resnet1d_ens,mondrian,0.1
STTC,0,1637,0.9187538179596824,0.9044493040483174,0.9315341884271826,0.8332315210751374,1.0908248378127896,0.9091751621872104,0.09082483781278962,0.0,resnet1d_ens,mondrian,0.1
CD,1,496,0.8870967741935484,0.8558989669898501,0.9135786710830714,0.7983870967741935,1.1204819277108433,0.8795180722891566,0.12048192771084337,0.0,resnet1d_ens,mondrian,0.1
CD,0,1662,0.8935018050541517,0.8776696389713737,0.9079281989929758,0.7635379061371841,1.1204819277108433,0.8795180722891566,0.12048192771084337,0.0,resnet1d_ens,mondrian,0.1
HYP,1,262,0.9045801526717557,0.8623672790583072,0.9372938332224287,0.7061068702290076,1.2099165894346617,0.7900834105653383,0.2099165894346617,0.0,resnet1d_ens,mondrian,0.1
HYP,0,1896,0.9034810126582279,0.8892940919907112,0.9164049829307687,0.6919831223628692,1.2099165894346617,0.7900834105653383,0.2099165894346617,0.0,resnet1d_ens,mondrian,0.1
NORM,1,963,0.9034267912772586,0.8829989257384177,0.9213453655975984,0.8234683281412254,1.0671918443002781,0.932808155699722,0.06719184430027804,0.0,resnet1d_ens,global,0.1
NORM,0,1195,0.8870292887029289,0.8677027028991205,0.9044262287246654,0.8301255230125523,1.0671918443002781,0.932808155699722,0.06719184430027804,0.0,resnet1d_ens,global,0.1
MI,1,550,0.6963636363636364,0.6560437703127867,0.7345584347284753,0.6018181818181818,1.0477293790546802,0.9522706209453198,0.04772937905468026,0.0,resnet1d_ens,global,0.1
MI,0,1608,0.9508706467661692,0.9391436024218411,0.9609138671604636,0.9191542288557214,1.0477293790546802,0.9522706209453198,0.04772937905468026,0.0,resnet1d_ens,global,0.1
STTC,1,521,0.8214971209213052,0.7858597343493258,0.8534368681940792,0.7178502879078695,1.062557924003707,0.9374420759962928,0.06255792400370713,0.0,resnet1d_ens,global,0.1
STTC,0,1637,0.9437996334758705,0.9315179846982394,0.9544573227043471,0.8943188759926696,1.062557924003707,0.9374420759962928,0.06255792400370713,0.0,resnet1d_ens,global,0.1
CD,1,496,0.6733870967741935,0.6301649804313013,0.7145271120958715,0.6229838709677419,1.0166821130676553,0.9833178869323448,0.016682113067655237,0.0,resnet1d_ens,global,0.1
CD,0,1662,0.9675090252707581,0.9578171929434598,0.9754994685087423,0.9608904933814681,1.0166821130676553,0.9833178869323448,0.016682113067655237,0.0,resnet1d_ens,global,0.1
HYP,1,262,0.46564885496183206,0.40403137995551386,0.52805213950663,0.46564885496183206,0.9833178869323448,0.9833178869323448,0.0,0.016682113067655237,resnet1d_ens,global,0.1
HYP,0,1896,0.9715189873417721,0.9630003933756794,0.978533352406663,0.9715189873417721,0.9833178869323448,0.9833178869323448,0.0,0.016682113067655237,resnet1d_ens,global,0.1
NORM,1,963,0.8712357217030114,0.8484229506533661,0.8917488191804469,0.6863966770508827,1.1427247451343836,0.8572752548656163,0.14272474513438368,0.0,logreg,mondrian,0.1
NORM,0,1195,0.8803347280334728,0.8605725161094703,0.8982020361459073,0.7715481171548118,1.1427247451343836,0.8572752548656163,0.14272474513438368,0.0,logreg,mondrian,0.1
MI,1,550,0.8636363636363636,0.8320898400635047,0.8912083293127607,0.5181818181818182,1.3104726598702503,0.6895273401297498,0.31047265987025024,0.0,logreg,mondrian,0.1
MI,0,1608,0.9060945273631841,0.8907752829443988,0.9199114605615727,0.6075870646766169,1.3104726598702503,0.6895273401297498,0.31047265987025024,0.0,logreg,mondrian,0.1
STTC,1,521,0.8867562380038387,0.8563635226202746,0.9126676608486687,0.6717850287907869,1.1640407784986098,0.8359592215013901,0.16404077849860982,0.0,logreg,mondrian,0.1
STTC,0,1637,0.9047037263286499,0.8894398506438369,0.9184975553948165,0.7568723274282224,1.1640407784986098,0.8359592215013901,0.16404077849860982,0.0,logreg,mondrian,0.1
CD,1,496,0.8891129032258065,0.8581189147182366,0.9153647860826016,0.717741935483871,1.2650602409638554,0.7349397590361446,0.26506024096385544,0.0,logreg,mondrian,0.1
CD,0,1662,0.8790613718411552,0.8624124282996426,0.8943579990740507,0.5860409145607701,1.2650602409638554,0.7349397590361446,0.26506024096385544,0.0,logreg,mondrian,0.1
HYP,1,262,0.9198473282442748,0.8800869972900073,0.9497007355219013,0.6450381679389313,1.349860982391103,0.6501390176088971,0.34986098239110286,0.0,logreg,mondrian,0.1
HYP,0,1896,0.9071729957805907,0.8932096545129053,0.9198612684574212,0.5469409282700421,1.349860982391103,0.6501390176088971,0.34986098239110286,0.0,logreg,mondrian,0.1
NORM,1,963,0.9138110072689511,0.8942753641725726,0.9307681345709368,0.7466251298026999,1.149212233549583,0.8507877664504171,0.14921223354958293,0.0,logreg,global,0.1
NORM,0,1195,0.8510460251046025,0.8295793759516588,0.8707680986253702,0.7163179916317992,1.149212233549583,0.8507877664504171,0.14921223354958293,0.0,logreg,global,0.1
MI,1,550,0.6763636363636364,0.6354840965029169,0.7153355185975948,0.28545454545454546,1.2094531974050047,0.7905468025949953,0.20945319740500462,0.0,logreg,global,0.1
MI,0,1608,0.9682835820895522,0.9585078634874052,0.9762957682982402,0.8208955223880597,1.2094531974050047,0.7905468025949953,0.20945319740500462,0.0,logreg,global,0.1
STTC,1,521,0.7120921305182342,0.6711246634477779,0.7506338036863119,0.46833013435700577,1.1093605189990732,0.8906394810009268,0.10936051899907322,0.0,logreg,global,0.1
STTC,0,1637,0.9566279780085523,0.9456042977339619,0.9659733909612042,0.8900427611484423,1.1093605189990732,0.8906394810009268,0.10936051899907322,0.0,logreg,global,0.1
CD,1,496,0.655241935483871,0.6115762803596502,0.6970441373466874,0.4495967741935484,1.1014828544949027,0.8985171455050973,0.10148285449490269,0.0,logreg,global,0.1
CD,0,1662,0.9861612515042117,0.9793070623841192,0.991207737540326,0.9157641395908543,1.1014828544949027,0.8985171455050973,0.10148285449490269,0.0,logreg,global,0.1
HYP,1,262,0.4083969465648855,0.34830815485867367,0.4705824259181639,0.33969465648854963,1.0148285449490269,0.9851714550509731,0.014828544949026877,0.0,logreg,global,0.1
HYP,0,1896,0.9762658227848101,0.968369605389993,0.9826366834911993,0.9688818565400844,1.0148285449490269,0.9851714550509731,0.014828544949026877,0.0,logreg,global,0.1
NORM,1,963,0.877466251298027,0.8550763680566669,0.8975163317756619,0.7518172377985463,1.1014828544949027,0.8985171455050973,0.10148285449490269,0.0,hgb_ens,mondrian,0.1
NORM,0,1195,0.8895397489539749,0.8703815599052817,0.9067552171751204,0.8075313807531381,1.1014828544949027,0.8985171455050973,0.10148285449490269,0.0,hgb_ens,mondrian,0.1
MI,1,550,0.8727272727272727,0.8419508690206743,0.899425079350093,0.6254545454545455,1.2488415199258573,0.7511584800741428,0.24884151992585726,0.0,hgb_ens,mondrian,0.1
MI,0,1608,0.8861940298507462,0.8696511702151808,0.9013113886074705,0.6368159203980099,1.2488415199258573,0.7511584800741428,0.24884151992585726,0.0,hgb_ens,mondrian,0.1
STTC,1,521,0.8829174664107485,0.8521535686448538,0.9092472725455855,0.7293666026871402,1.1390176088971269,0.860982391102873,0.13901760889712697,0.0,hgb_ens,mondrian,0.1
STTC,0,1637,0.9242516799022602,0.9103528572372142,0.9366048978571152,0.7898594990836897,1.1390176088971269,0.860982391102873,0.13901760889712697,0.0,hgb_ens,mondrian,0.1
CD,1,496,0.8729838709677419,0.8404333145756037,0.9010002917692702,0.7096774193548387,1.2173308619091752,0.7826691380908248,0.21733086190917517,0.0,hgb_ens,mondrian,0.1
CD,0,1662,0.8904933814681107,0.8744845238389508,0.905107648378149,0.6570397111913358,1.2173308619091752,0.7826691380908248,0.21733086190917517,0.0,hgb_ens,mondrian,0.1
HYP,1,262,0.8816793893129771,0.8362729511818807,0.9181741609810042,0.7175572519083969,1.1816496756255792,0.8183503243744208,0.18164967562557924,0.0,hgb_ens,mondrian,0.1
HYP,0,1896,0.8966244725738397,0.8820378158855617,0.9099705747499642,0.7125527426160337,1.1816496756255792,0.8183503243744208,0.18164967562557924,0.0,hgb_ens,mondrian,0.1
NORM,1,963,0.9210799584631361,0.9022134339546896,0.9373188130224609,0.7933541017653167,1.1158480074142725,0.8841519925857275,0.11584800741427248,0.0,hgb_ens,global,0.1
NORM,0,1195,0.8711297071129707,0.8507983478749822,0.8896136714786784,0.7648535564853557,1.1158480074142725,0.8841519925857275,0.11584800741427248,0.0,hgb_ens,global,0.1
MI,1,550,0.6709090909090909,0.6298911461980087,0.710078608556199,0.3509090909090909,1.1626506024096386,0.8373493975903614,0.16265060240963855,0.0,hgb_ens,global,0.1
MI,0,1608,0.9720149253731343,0.9627315478472298,0.9795158656108313,0.8631840796019901,1.1626506024096386,0.8373493975903614,0.16265060240963855,0.0,hgb_ens,global,0.1
STTC,1,521,0.7485604606525912,0.7090011398461487,0.7852730723904343,0.5508637236084453,1.0797034291010195,0.9202965708989805,0.07970342910101946,0.0,hgb_ens,global,0.1
STTC,0,1637,0.9602932193036041,0.9496680116197799,0.9692239276787147,0.918142944410507,1.0797034291010195,0.9202965708989805,0.07970342910101946,0.0,hgb_ens,global,0.1
CD,1,496,0.6189516129032258,0.5745976120963023,0.6618786876623062,0.5241935483870968,1.046802594995366,0.9531974050046339,0.04680259499536608,0.0,hgb_ens,global,0.1
CD,0,1662,0.9753309265944645,0.9666812650429488,0.9822402263291683,0.9428399518652226,1.046802594995366,0.9531974050046339,0.04680259499536608,0.0,hgb_ens,global,0.1
HYP,1,262,0.42366412213740456,0.36308847319304327,0.4859866515865795,0.42366412213740456,0.9828544949026877,0.9828544949026877,0.0,0.017145505097312327,hgb_ens,global,0.1
HYP,0,1896,0.9720464135021097,0.9635940490438697,0.9789922822125828,0.9720464135021097,0.9828544949026877,0.9828544949026877,0.0,0.017145505097312327,hgb_ens,global,0.1
NORM,1,963,0.9023883696780893,0.8818750322402072,0.9203992841304424,0.7995846313603323,1.0792400370713624,0.9207599629286376,0.07924003707136237,0.0,fcn_ens,mondrian,0.1
NORM,0,1195,0.897907949790795,0.8793323388991274,0.9144970464687929,0.8376569037656904,1.0792400370713624,0.9207599629286376,0.07924003707136237,0.0,fcn_ens,mondrian,0.1
MI,1,550,0.9236363636363636,0.8981781952977625,0.9444122488102632,0.7654545454545455,1.1367006487488416,0.8632993512511585,0.13670064874884152,0.0,fcn_ens,mondrian,0.1
MI,0,1608,0.9073383084577115,0.8921014573426446,0.9210679997233776,0.7779850746268657,1.1367006487488416,0.8632993512511585,0.13670064874884152,0.0,fcn_ens,mondrian,0.1
STTC,1,521,0.9040307101727447,0.8754356066497742,0.9279292731837109,0.7754318618042226,1.113994439295644,0.8860055607043559,0.11399443929564411,0.0,fcn_ens,mondrian,0.1
STTC,0,1637,0.9285277947464875,0.9149579530353472,0.9405351954059047,0.8191814294441051,1.113994439295644,0.8860055607043559,0.11399443929564411,0.0,fcn_ens,mondrian,0.1
CD,1,496,0.9012096774193549,0.8715004183764381,0.9260181944247765,0.7782258064516129,1.149212233549583,0.8507877664504171,0.14921223354958293,0.0,fcn_ens,mondrian,0.1
CD,0,1662,0.8922984356197352,0.876395158836719,0.9068004159404227,0.7352587244283996,1.149212233549583,0.8507877664504171,0.14921223354958293,0.0,fcn_ens,mondrian,0.1
HYP,1,262,0.8893129770992366,0.8449144682289751,0.9246064642017376,0.7175572519083969,1.1816496756255792,0.8183503243744208,0.18164967562557924,0.0,fcn_ens,mondrian,0.1
HYP,0,1896,0.8945147679324894,0.8798089427107413,0.9079869039234544,0.7114978902953587,1.1816496756255792,0.8183503243744208,0.18164967562557924,0.0,fcn_ens,mondrian,0.1
NORM,1,963,0.9304257528556594,0.9124820090713072,0.9456775275155751,0.8629283489096573,1.0658016682113067,0.9341983317886933,0.06580166821130677,0.0,fcn_ens,global,0.1
NORM,0,1195,0.8702928870292888,0.8499114028292428,0.8888312819501136,0.8058577405857741,1.0658016682113067,0.9341983317886933,0.06580166821130677,0.0,fcn_ens,global,0.1
MI,1,550,0.72,0.6804520313918438,0.757165411425947,0.6,1.0579240037071362,0.9420759962928638,0.05792400370713624,0.0,fcn_ens,global,0.1
MI,0,1608,0.9620646766169154,0.9515349718526881,0.9708605782166811,0.9253731343283582,1.0579240037071362,0.9420759962928638,0.05792400370713624,0.0,fcn_ens,global,0.1
STTC,1,521,0.8272552783109405,0.7920030316465259,0.8587419067920207,0.6737044145873321,1.0750695088044486,0.9249304911955515,0.07506950880444857,0.0,fcn_ens,global,0.1
STTC,0,1637,0.952351863164325,0.9408871147459344,0.9621568205032438,0.9022602321319487,1.0750695088044486,0.9249304911955515,0.07506950880444857,0.0,fcn_ens,global,0.1
CD,1,496,0.6693548387096774,0.6260282363067367,0.7106479544661884,0.6673387096774194,1.000463392029657,0.9995366079703429,0.0004633920296570899,0.0,fcn_ens,global,0.1
CD,0,1662,0.9626955475330926,0.9524302827264639,0.9712815754733715,0.9626955475330926,1.000463392029657,0.9995366079703429,0.0004633920296570899,0.0,fcn_ens,global,0.1
HYP,1,262,0.42366412213740456,0.36308847319304327,0.4859866515865795,0.42366412213740456,0.9847080630213161,0.9847080630213161,0.0,0.015291936978683966,fcn_ens,global,0.1
HYP,0,1896,0.9757383966244726,0.967769897634565,0.9821839770090662,0.9757383966244726,0.9847080630213161,0.9847080630213161,0.0,0.015291936978683966,fcn_ens,global,0.1
NORM,1,963,0.9584631360332295,0.9438656223416088,0.9701624981075447,0.6998961578400831,1.216867469879518,0.7831325301204819,0.21686746987951808,0.0,resnet1d_ens,mondrian,0.05
NORM,0,1195,0.9364016736401674,0.921040818901943,0.9495679848469626,0.7531380753138075,1.216867469879518,0.7831325301204819,0.21686746987951808,0.0,resnet1d_ens,mondrian,0.05
MI,1,550,0.9472727272727273,0.9251499669132467,0.9644069823215694,0.6363636363636364,1.3155699721964782,0.6844300278035218,0.3155699721964782,0.0,resnet1d_ens,mondrian,0.05
MI,0,1608,0.9409203980099502,0.9282576886335094,0.9519414129951461,0.6237562189054726,1.3155699721964782,0.6844300278035218,0.3155699721964782,0.0,resnet1d_ens,mondrian,0.05
STTC,1,521,0.944337811900192,0.9210353554072488,0.9624089586811706,0.5239923224568138,1.303521779425394,0.6964782205746061,0.3035217794253939,0.0,resnet1d_ens,mondrian,0.05
STTC,0,1637,0.9743433109346366,0.965476578073197,0.9814477705762045,0.7080024434941967,1.303521779425394,0.6964782205746061,0.3035217794253939,0.0,resnet1d_ens,mondrian,0.05
CD,1,496,0.9395161290322581,0.914778643450988,0.9588234168182448,0.6834677419354839,1.3382761816496755,0.6617238183503243,0.3382761816496756,0.0,resnet1d_ens,mondrian,0.05
CD,0,1662,0.9578820697954272,0.9470836949294211,0.96702245478034,0.5950661853188929,1.3382761816496755,0.6617238183503243,0.3382761816496756,0.0,resnet1d_ens,mondrian,0.05
HYP,1,262,0.9541984732824428,0.9213612878354047,0.9761129064886983,0.6145038167938931,1.4425393883225208,0.5574606116774792,0.4425393883225209,0.0,resnet1d_ens,mondrian,0.05
HYP,0,1896,0.9541139240506329,0.9437052485874329,0.9630866145507658,0.49736286919831224,1.4425393883225208,0.5574606116774792,0.4425393883225209,0.0,resnet1d_ens,mondrian,0.05
NORM,1,963,0.9501557632398754,0.9344540633175484,0.9630234367066439,0.6957424714434061,1.21177015755329,0.7882298424467099,0.2117701575532901,0.0,resnet1d_ens,global,0.05
NORM,0,1195,0.9380753138075314,0.9228801555491151,0.9510664902358164,0.7606694560669456,1.21177015755329,0.7882298424467099,0.2117701575532901,0.0,resnet1d_ens,global,0.05
MI,1,550,0.8563636363636363,0.8242314699529041,0.8846039794111964,0.33454545454545453,1.278035217794254,0.7219647822057461,0.27803521779425394,0.0,resnet1d_ens,global,0.05
MI,0,1608,0.9931592039800995,0.9877929628563566,0.9965802985092236,0.7985074626865671,1.278035217794254,0.7219647822057461,0.27803521779425394,0.0,resnet1d_ens,global,0.05
STTC,1,521,0.9136276391554703,0.886133822286991,0.9363027629094897,0.4875239923224568,1.2386468952734013,0.7613531047265987,0.2386468952734013,0.0,resnet1d_ens,global,0.05
STTC,0,1637,0.9786194257788637,0.9703893000138977,0.985063550497126,0.7996334758704948,1.2386468952734013,0.7613531047265987,0.2386468952734013,0.0,resnet1d_ens,global,0.05
CD,1,496,0.8064516129032258,0.7688875549160733,0.840314818101031,0.4778225806451613,1.159870250231696,0.840129749768304,0.15987025023169602,0.0,resnet1d_ens,global,0.05
CD,0,1662,0.9915764139590855,0.9859070053252688,0.9953873160474216,0.8820697954271961,1.159870250231696,0.840129749768304,0.15987025023169602,0.0,resnet1d_ens,global,0.05
HYP,1,262,0.6717557251908397,0.6112829520580639,0.7282900378709837,0.29770992366412213,1.0996292863762742,0.9003707136237257,0.09962928637627433,0.0,resnet1d_ens,global,0.05
HYP,0,1896,0.9915611814345991,0.9863319732887399,0.995169014656365,0.9298523206751055,1.0996292863762742,0.9003707136237257,0.09962928637627433,0.0,resnet1d_ens,global,0.05
NORM,1,963,0.9345794392523364,0.917071405546672,0.9493664288230609,0.4932502596053998,1.340593141797961,0.6594068582020389,0.3405931417979611,0.0,logreg,mondrian,0.05
NORM,0,1195,0.9472803347280335,0.9330494616641462,0.9592543036040885,0.6878661087866109,1.340593141797961,0.6594068582020389,0.3405931417979611,0.0,logreg,mondrian,0.05
MI,1,550,0.9181818181818182,0.8920514561651243,0.9396971724577473,0.3690909090909091,1.4874884151992587,0.5125115848007414,0.48748841519925856,0.0,logreg,mondrian,0.05
MI,0,1608,0.9564676616915423,0.9453170411081965,0.9659099089741715,0.4900497512437811,1.4874884151992587,0.5125115848007414,0.48748841519925856,0.0,logreg,mondrian,0.05
STTC,1,521,0.963531669865643,0.9436344433028324,0.9779035065299047,0.4836852207293666,1.3962001853568118,0.6037998146431881,0.39620018535681184,0.0,logreg,mondrian,0.05
STTC,0,1637,0.9499083689676237,0.9382019092891696,0.9599654109025354,0.5803298717165547,1.3962001853568118,0.6037998146431881,0.39620018535681184,0.0,logreg,mondrian,0.05
CD,1,496,0.9495967741935484,0.9264914548550139,0.9671196583772003,0.5967741935483871,1.5430954587581094,0.4569045412418906,0.5430954587581094,0.0,logreg,mondrian,0.05
CD,0,1662,0.9482551143200962,0.9364873950692798,0.9584054815406664,0.3483754512635379,1.5430954587581094,0.4569045412418906,0.5430954587581094,0.0,logreg,mondrian,0.05
HYP,1,262,0.9885496183206107,0.9669036637474993,0.9976324025221373,0.48091603053435117,1.6728452270620946,0.32715477293790546,0.6728452270620945,0.0,logreg,mondrian,0.05
HYP,0,1896,0.9562236286919831,0.9460193264121978,0.9649841448923222,0.26054852320675104,1.6728452270620946,0.32715477293790546,0.6728452270620945,0.0,logreg,mondrian,0.05
NORM,1,963,0.9678089304257529,0.9546167972398011,0.9780250554173647,0.5441329179646937,1.3799814643188137,0.6200185356811863,0.3799814643188137,0.0,logreg,global,0.05
NORM,0,1195,0.9355648535564853,0.9201221649505755,0.9488176997329655,0.590794979079498,1.3799814643188137,0.6200185356811863,0.3799814643188137,0.0,logreg,global,0.05
MI,1,550,0.8181818181818182,0.7833574308679274,0.8495433380845007,0.16545454545454547,1.4050046339202966,0.5949953660797034,0.40500463392029656,0.0,logreg,global,0.05
MI,0,1608,0.9900497512437811,0.9838915912370234,0.9943021796676724,0.6697761194029851,1.4050046339202966,0.5949953660797034,0.40500463392029656,0.0,logreg,global,0.05
STTC,1,521,0.8541266794625719,0.8208527041725461,0.883315359842473,0.255278310940499,1.2896200185356812,0.7103799814643188,0.2896200185356812,0.0,logreg,global,0.05
STTC,0,1637,0.9798411728772144,0.97180514276377,0.9860839571715266,0.788637751985339,1.2896200185356812,0.7103799814643188,0.2896200185356812,0.0,logreg,global,0.05
CD,1,496,0.8185483870967742,0.7817570691066603,0.8514893211590239,0.30443548387096775,1.3058387395736792,0.6941612604263206,0.30583873957367935,0.0,logreg,global,0.05
CD,0,1662,0.9951865222623345,0.9905376707998195,0.9979196605881886,0.7515042117930204,1.3058387395736792,0.6941612604263206,0.30583873957367935,0.0,logreg,global,0.05
HYP,1,262,0.6641221374045801,0.6034109435489846,0.7210707964601575,0.17557251908396945,1.1455050973123262,0.8544949026876738,0.14550509731232622,0.0,logreg,global,0.05
HYP,0,1896,0.995253164556962,0.9910082333584913,0.9978272167163583,0.8971518987341772,1.1455050973123262,0.8544949026876738,0.14550509731232622,0.0,logreg,global,0.05
NORM,1,963,0.9491173416407062,0.9332854171251015,0.962123022326724,0.5898234683281413,1.2803521779425393,0.7196478220574606,0.2803521779425394,0.0,hgb_ens,mondrian,0.05
NORM,0,1195,0.9389121338912134,0.9238008635125031,0.9518146844430327,0.7221757322175733,1.2803521779425393,0.7196478220574606,0.2803521779425394,0.0,hgb_ens,mondrian,0.05
MI,1,550,0.92,0.8940903021453659,0.9412723665711829,0.4781818181818182,1.4323447636700648,0.5676552363299351,0.43234476367006486,0.0,hgb_ens,mondrian,0.05
MI,0,1608,0.9458955223880597,0.9336877344805515,0.9564407543051838,0.5167910447761194,1.4323447636700648,0.5676552363299351,0.43234476367006486,0.0,hgb_ens,mondrian,0.05
STTC,1,521,0.944337811900192,0.9210353554072488,0.9624089586811706,0.5777351247600768,1.3178869323447637,0.6821130676552364,0.3178869323447637,0.0,hgb_ens,mondrian,0.05
STTC,0,1637,0.9554062309102016,0.9442540506086654,0.9648854689389464,0.6530238240684179,1.3178869323447637,0.6821130676552364,0.3178869323447637,0.0,hgb_ens,mondrian,0.05
CD,1,496,0.9415322580645161,0.9171072304793677,0.9604973048530437,0.6149193548387096,1.4819277108433735,0.5180722891566265,0.4819277108433735,0.0,hgb_ens,mondrian,0.05
CD,0,1662,0.9458483754512635,0.9338552850724556,0.9562339876427084,0.4175691937424789,1.4819277108433735,0.5180722891566265,0.4819277108433735,0.0,hgb_ens,mondrian,0.05
HYP,1,262,0.9732824427480916,0.9457288109975058,0.9891921247577068,0.583969465648855,1.489805375347544,0.510194624652456,0.48980537534754404,0.0,hgb_ens,mondrian,0.05
HYP,0,1896,0.9414556962025317,0.9299235421889386,0.9515971494083617,0.43776371308016876,1.489805375347544,0.510194624652456,0.48980537534754404,0.0,hgb_ens,mondrian,0.05
NORM,1,963,0.9678089304257529,0.9546167972398011,0.9780250554173647,0.6427829698857737,1.2849860982391104,0.7150139017608897,0.2849860982391103,0.0,hgb_ens,global,0.05
NORM,0,1195,0.9297071129707113,0.9137094410049591,0.9435475464667881,0.6769874476987447,1.2849860982391104,0.7150139017608897,0.2849860982391103,0.0,hgb_ens,global,0.05
MI,1,550,0.8218181818181818,0.7872253019248487,0.8529076553496265,0.1709090909090909,1.355885078776645,0.644114921223355,0.35588507877664505,0.0,hgb_ens,global,0.05
MI,0,1608,0.9937810945273632,0.9885930401950861,0.9970138843994035,0.7388059701492538,1.355885078776645,0.644114921223355,0.35588507877664505,0.0,hgb_ens,global,0.05
STTC,1,521,0.8637236084452975,0.8312366082387244,0.8920099275247257,0.3378119001919386,1.2483781278962003,0.7516218721037998,0.24837812789620017,0.0,hgb_ens,global,0.05
STTC,0,1637,0.984728161270617,0.9775378268422893,0.9900931286443094,0.8246792913866829,1.2483781278962003,0.7516218721037998,0.24837812789620017,0.0,hgb_ens,global,0.05
CD,1,496,0.8104838709677419,0.7731714804615735,0.8440456354678312,0.3588709677419355,1.2460611677479148,0.7539388322520852,0.24606116774791473,0.0,hgb_ens,global,0.05
CD,0,1662,0.9945848375451264,0.9897453281487458,0.9975209427626499,0.8098676293622142,1.2460611677479148,0.7539388322520852,0.24606116774791473,0.0,hgb_ens,global,0.05
HYP,1,262,0.6908396946564885,0.6310370933047339,0.7462633679446745,0.20610687022900764,1.1376274328081557,0.8623725671918443,0.1376274328081557,0.0,hgb_ens,global,0.05
HYP,0,1896,0.9957805907172996,0.991703095540053,0.9981766520740993,0.9061181434599156,1.1376274328081557,0.8623725671918443,0.1376274328081557,0.0,hgb_ens,global,0.05
NORM,1,963,0.9595015576323987,0.9450507430399305,0.9710459246023597,0.6812045690550363,1.2279888785912882,0.7720111214087118,0.22798887859128822,0.0,fcn_ens,mondrian,0.05
NORM,0,1195,0.9497907949790795,0.9358402592721528,0.961469633022101,0.7623430962343096,1.2279888785912882,0.7720111214087118,0.22798887859128822,0.0,fcn_ens,mondrian,0.05
MI,1,550,0.9745454545454545,0.9576601141297236,0.9860154516516132,0.6145454545454545,1.3688600556070436,0.6311399443929564,0.36886005560704355,0.0,fcn_ens,mondrian,0.05
MI,0,1608,0.9577114427860697,0.9466946678039981,0.967014279485564,0.585820895522388,1.3688600556070436,0.6311399443929564,0.36886005560704355,0.0,fcn_ens,mondrian,0.05
STTC,1,521,0.9539347408829175,0.93223152280983,0.9702654689814806,0.6046065259117083,1.3002780352177943,0.6997219647822057,0.3002780352177943,0.0,fcn_ens,mondrian,0.05
STTC,0,1637,0.9657910812461821,0.9558048594231315,0.9740575602514046,0.6811240073304826,1.3002780352177943,0.6997219647822057,0.3002780352177943,0.0,fcn_ens,mondrian,0.05
CD,1,496,0.9294354838709677,0.9032256253220415,0.9503602565795347,0.719758064516129,1.293790546802595,0.706209453197405,0.293790546802595,0.0,fcn_ens,mondrian,0.05
CD,0,1662,0.9458483754512635,0.9338552850724556,0.9562339876427084,0.6269554753309265,1.293790546802595,0.706209453197405,0.293790546802595,0.0,fcn_ens,mondrian,0.05
HYP,1,262,0.9351145038167938,0.8981428615352854,0.9617507718421389,0.6183206106870229,1.360518999073216,0.6394810009267841,0.36051899907321594,0.0,fcn_ens,mondrian,0.05
HYP,0,1896,0.9467299578059072,0.9356463619677319,0.9564042549174964,0.580168776371308,1.360518999073216,0.6394810009267841,0.36051899907321594,0.0,fcn_ens,mondrian,0.05
NORM,1,963,0.9750778816199377,0.963143742986925,0.9839681451549723,0.7040498442367601,1.247914735866543,0.7520852641334569,0.24791473586654308,0.0,fcn_ens,global,0.05
NORM,0,1195,0.9389121338912134,0.9238008635125031,0.9518146844430327,0.7096234309623431,1.247914735866543,0.7520852641334569,0.24791473586654308,0.0,fcn_ens,global,0.05
MI,1,550,0.8454545454545455,0.8124907539523484,0.8746499087578972,0.4527272727272727,1.190454124189064,0.8095458758109361,0.19045412418906396,0.0,fcn_ens,global,0.05
MI,0,1608,0.9838308457711443,0.9763976698989041,0.9894112891966852,0.8625621890547264,1.190454124189064,0.8095458758109361,0.19045412418906396,0.0,fcn_ens,global,0.05
STTC,1,521,0.9021113243761996,0.8733053630105208,0.9262449274559649,0.43761996161228406,1.231696014828545,0.768303985171455,0.23169601482854496,0.0,fcn_ens,global,0.05
STTC,0,1637,0.981062919975565,0.9732272731731059,0.98709781125963,0.8234575442883323,1.231696014828545,0.768303985171455,0.23169601482854496,0.0,fcn_ens,global,0.05
CD,1,496,0.8225806451612904,0.7860590317281689,0.8552018820368961,0.47580645161290325,1.190917516218721,0.809082483781279,0.19091751621872105,0.0,fcn_ens,global,0.05
CD,0,1662,0.9909747292418772,0.9851578145244372,0.9949400775334964,0.8465703971119134,1.190917516218721,0.809082483781279,0.19091751621872105,0.0,fcn_ens,global,0.05
HYP,1,262,0.6564885496183206,0.5955554395622755,0.7138349169366237,0.25190839694656486,1.1149212233549584,0.8850787766450418,0.11492122335495829,0.0,fcn_ens,global,0.05
HYP,0,1896,0.9957805907172996,0.991703095540053,0.9981766520740993,0.9208860759493671,1.1149212233549584,0.8850787766450418,0.11492122335495829,0.0,fcn_ens,global,0.05
