dimension,group,class,n_records,n_pos,pos_coverage,neg_coverage,auroc
sex,female,NORM,1048,447,0.8926174496644296,0.8735440931780366,0.93599965754317
sex,female,MI,1048,253,0.8814229249011858,0.8955974842767296,0.8984960350013672
sex,female,STTC,1048,292,0.8801369863013698,0.8822751322751323,0.9188818221352468
sex,female,CD,1048,230,0.8739130434782608,0.8997555012224939,0.9041166152864887
sex,female,HYP,1048,127,0.889763779527559,0.9044516829533116,0.903827575299016
sex,male,NORM,1110,516,0.9321705426356589,0.8787878787878788,0.9480120977214
sex,male,MI,1110,297,0.9057239057239057,0.9028290282902829,0.9252881417703065
sex,male,STTC,1110,229,0.8777292576419214,0.9500567536889898,0.9482773148813625
sex,male,CD,1110,266,0.8984962406015038,0.8874407582938388,0.9250971029469408
sex,male,HYP,1110,135,0.9185185185185185,0.9025641025641026,0.9002773029439697
age,40-59,NORM,639,388,0.9252577319587629,0.8047808764940239,0.9194048548075738
age,40-59,MI,639,113,0.8230088495575221,0.9486692015209125,0.917796695716545
age,40-59,STTC,639,98,0.8877551020408163,0.9537892791127541,0.9498283601795616
age,40-59,CD,639,104,0.8173076923076923,0.9495327102803738,0.9033429187634796
age,40-59,HYP,639,43,0.8372093023255814,0.947986577181208,0.8956219759637897
age,60-74,NORM,706,267,0.8764044943820225,0.8792710706150342,0.9292100705553138
age,60-74,MI,706,198,0.8838383838383839,0.8641732283464567,0.8760140777857314
age,60-74,STTC,706,193,0.9015544041450777,0.9064327485380117,0.9347180559343089
age,60-74,CD,706,156,0.9102564102564102,0.8854545454545455,0.9187412587412587
age,60-74,HYP,706,112,0.9196428571428571,0.877104377104377,0.8947811447811448
age,<40,NORM,284,236,0.961864406779661,0.5416666666666666,0.8443679378531073
age,<40,MI,284,7,0.7142857142857143,0.9891696750902527,0.9669932955131512
age,<40,STTC,284,20,0.6,0.9696969696969697,0.9371212121212121
age,<40,CD,284,37,0.6756756756756757,0.979757085020243,0.8320385162490426
age,<40,HYP,284,10,1.0,0.9708029197080292,0.9773722627737226
age,>=75,NORM,529,72,0.8333333333333334,0.9474835886214442,0.9494590323364941
age,>=75,MI,529,232,0.9439655172413793,0.7878787878787878,0.8806310228724022
age,>=75,STTC,529,210,0.8809523809523809,0.8369905956112853,0.8861024033437827
age,>=75,CD,529,199,0.9447236180904522,0.7515151515151515,0.920229937566621
age,>=75,HYP,529,97,0.9072164948453608,0.8356481481481481,0.8631276250477281
