site,alpha,n_adapt,method,class,true_class,coverage_mean,coverage_sd,coverage_p05,set_size_mean,uncertain_rate_mean,referral_rate_mean,n_eval,repeats,exploratory_mapping
chapman,0.05,100,M0_source,CD,0,0.9499657998983244,0.0034823694685328778,0.9431534453781513,1.3263562386980108,0.3263562386980109,0.550497287522604,1884.75,20,False
chapman,0.05,100,M0_source,CD,1,0.9416981592989039,0.009854647850102111,0.9279170737002062,1.3263562386980108,0.3263562386980109,0.550497287522604,327.25,20,False
chapman,0.05,100,M0_source,NORM,0,0.961707068397682,0.0045095251833203115,0.9558678526649476,1.198123869801085,0.19812386980108498,0.550497287522604,1007.9,20,False
chapman,0.05,100,M0_source,NORM,1,0.9145346359650208,0.005696896159812845,0.9067682661489409,1.198123869801085,0.19812386980108498,0.550497287522604,1204.1,20,False
chapman,0.05,100,M0_source,STTC,0,0.96004607768756,0.00324592785818874,0.9546404893667285,1.3010623869801086,0.3010623869801085,0.550497287522604,1406.85,20,False
chapman,0.05,100,M0_source,STTC,1,0.9255337221894905,0.007576678595568417,0.9134082847761925,1.3010623869801086,0.3010623869801085,0.550497287522604,805.15,20,False
chapman,0.05,100,M1_target,CD,0,0.9529430491663371,0.021750050223563022,0.9190555432164152,1.751491862567812,0.751491862567812,0.9083182640144665,1884.75,20,False
chapman,0.05,100,M1_target,CD,1,0.989073392727564,0.02541391109856535,0.9383434623290733,1.751491862567812,0.751491862567812,0.9083182640144665,327.25,20,False
chapman,0.05,100,M1_target,NORM,0,0.9562237951336628,0.028691430724178155,0.9137948037057829,1.2513336347197108,0.2513336347197107,0.9083182640144665,1007.9,20,False
chapman,0.05,100,M1_target,NORM,1,0.9539149832942636,0.02524850888512565,0.9060107624746225,1.2513336347197108,0.2513336347197107,0.9083182640144665,1204.1,20,False
chapman,0.05,100,M1_target,STTC,0,0.9519862661274183,0.030866014267914122,0.8966053378825177,1.499615732368897,0.4996157323688969,0.9083182640144665,1406.85,20,False
chapman,0.05,100,M1_target,STTC,1,0.9626316052177811,0.03749041012301382,0.8938656354261449,1.499615732368897,0.4996157323688969,0.9083182640144665,805.15,20,False
chapman,0.05,100,M2_weighted,CD,0,0.9040640161606459,0.0099776171239965,0.8906828450106157,1.39875678119349,0.39875678119349006,0.6192133815551537,1884.75,20,False
chapman,0.05,100,M2_weighted,CD,1,0.9746119939343082,0.013173929301759877,0.9491934791934792,1.39875678119349,0.39875678119349006,0.6192133815551537,327.25,20,False
chapman,0.05,100,M2_weighted,NORM,0,0.9584740954936922,0.0053488704354208655,0.9496429596004738,1.277260397830018,0.2772603978300181,0.6192133815551537,1007.9,20,False
chapman,0.05,100,M2_weighted,NORM,1,0.9809146051681037,0.006452744173002624,0.9717276564418229,1.277260397830018,0.2772603978300181,0.6192133815551537,1204.1,20,False
chapman,0.05,100,M2_weighted,STTC,0,0.9804883404282615,0.003740542893560067,0.9744562055468404,1.2954566003616637,0.29545660036166366,0.6192133815551537,1406.85,20,False
chapman,0.05,100,M2_weighted,STTC,1,0.87633048401298,0.018453458273412174,0.8505316952549188,1.2954566003616637,0.29545660036166366,0.6192133815551537,805.15,20,False
chapman,0.05,100,M3_hybrid,CD,0,0.9529430491663371,0.021750050223563022,0.9190555432164152,1.444122965641953,0.444122965641953,0.745999095840868,1884.75,20,False
chapman,0.05,100,M3_hybrid,CD,1,0.969445872525711,0.021926886483144722,0.9383434623290733,1.444122965641953,0.444122965641953,0.745999095840868,327.25,20,False
chapman,0.05,100,M3_hybrid,NORM,0,0.9562237951336628,0.028691430724178155,0.9137948037057829,1.2513336347197108,0.2513336347197107,0.745999095840868,1007.9,20,False
chapman,0.05,100,M3_hybrid,NORM,1,0.9539149832942636,0.02524850888512565,0.9060107624746225,1.2513336347197108,0.2513336347197107,0.745999095840868,1204.1,20,False
chapman,0.05,100,M3_hybrid,STTC,0,0.9519862661274183,0.030866014267914122,0.8966053378825177,1.499615732368897,0.4996157323688969,0.745999095840868,1406.85,20,False
chapman,0.05,100,M3_hybrid,STTC,1,0.9626316052177811,0.03749041012301382,0.8938656354261449,1.499615732368897,0.4996157323688969,0.745999095840868,805.15,20,False
chapman,0.05,100,M4_pooled,CD,0,0.9492462311527774,0.004474277628296157,0.9421649840255591,1.3162748643761302,0.3162748643761302,0.5463607594936709,1884.75,20,False
chapman,0.05,100,M4_pooled,CD,1,0.9380093854698766,0.014541851500733031,0.9126349554060398,1.3162748643761302,0.3162748643761302,0.5463607594936709,327.25,20,False
chapman,0.05,100,M4_pooled,NORM,0,0.9609115702640988,0.005435234676324006,0.9526864886224731,1.1941907775768534,0.19419077757685352,0.5463607594936709,1007.9,20,False
chapman,0.05,100,M4_pooled,NORM,1,0.9164023484230324,0.006528354234323598,0.9060107624746225,1.1941907775768534,0.19419077757685352,0.5463607594936709,1204.1,20,False
chapman,0.05,100,M4_pooled,STTC,0,0.9584481179132975,0.003847351147035614,0.9510301280214726,1.3059222423146475,0.3059222423146474,0.5463607594936709,1406.85,20,False
chapman,0.05,100,M4_pooled,STTC,1,0.9294227239819014,0.010629345253380674,0.9122339955302099,1.3059222423146475,0.3059222423146474,0.5463607594936709,805.15,20,False
chapman,0.05,250,M0_source,CD,0,0.9499657998983244,0.0034823694685328778,0.9431534453781513,1.3263562386980108,0.3263562386980109,0.550497287522604,1884.75,20,False
chapman,0.05,250,M0_source,CD,1,0.9416981592989039,0.009854647850102111,0.9279170737002062,1.3263562386980108,0.3263562386980109,0.550497287522604,327.25,20,False
chapman,0.05,250,M0_source,NORM,0,0.961707068397682,0.0045095251833203115,0.9558678526649476,1.198123869801085,0.19812386980108498,0.550497287522604,1007.9,20,False
chapman,0.05,250,M0_source,NORM,1,0.9145346359650208,0.005696896159812845,0.9067682661489409,1.198123869801085,0.19812386980108498,0.550497287522604,1204.1,20,False
chapman,0.05,250,M0_source,STTC,0,0.96004607768756,0.00324592785818874,0.9546404893667285,1.3010623869801086,0.3010623869801085,0.550497287522604,1406.85,20,False
chapman,0.05,250,M0_source,STTC,1,0.9255337221894905,0.007576678595568417,0.9134082847761925,1.3010623869801086,0.3010623869801085,0.550497287522604,805.15,20,False
chapman,0.05,250,M1_target,CD,0,0.9567980583450539,0.010729181191869195,0.9424268490745155,1.381351717902351,0.3813517179023508,0.6299050632911392,1884.75,20,False
chapman,0.05,250,M1_target,CD,1,0.9397126358243761,0.05511342345721108,0.8273667797935287,1.381351717902351,0.3813517179023508,0.6299050632911392,327.25,20,False
chapman,0.05,250,M1_target,NORM,0,0.9485694951341216,0.023006019105223298,0.9140884190878105,1.200361663652803,0.2003616636528029,0.6299050632911392,1007.9,20,False
chapman,0.05,250,M1_target,NORM,1,0.9527439925826007,0.018899237452172674,0.92068081697756,1.200361663652803,0.2003616636528029,0.6299050632911392,1204.1,20,False
chapman,0.05,250,M1_target,STTC,0,0.9530647172617582,0.020760275509116924,0.9102230679375618,1.3724231464737795,0.3724231464737794,0.6299050632911392,1406.85,20,False
chapman,0.05,250,M1_target,STTC,1,0.9447395297160035,0.02470278181325256,0.9125535765385862,1.3724231464737795,0.3724231464737794,0.6299050632911392,805.15,20,False
chapman,0.05,250,M2_weighted,CD,0,0.9040640161606459,0.0099776171239965,0.8906828450106157,1.39875678119349,0.39875678119349006,0.6192133815551537,1884.75,20,False
chapman,0.05,250,M2_weighted,CD,1,0.9746119939343082,0.013173929301759877,0.9491934791934792,1.39875678119349,0.39875678119349006,0.6192133815551537,327.25,20,False
chapman,0.05,250,M2_weighted,NORM,0,0.9584740954936922,0.0053488704354208655,0.9496429596004738,1.277260397830018,0.2772603978300181,0.6192133815551537,1007.9,20,False
chapman,0.05,250,M2_weighted,NORM,1,0.9809146051681037,0.006452744173002624,0.9717276564418229,1.277260397830018,0.2772603978300181,0.6192133815551537,1204.1,20,False
chapman,0.05,250,M2_weighted,STTC,0,0.9804883404282615,0.003740542893560067,0.9744562055468404,1.2954566003616637,0.29545660036166366,0.6192133815551537,1406.85,20,False
chapman,0.05,250,M2_weighted,STTC,1,0.87633048401298,0.018453458273412174,0.8505316952549188,1.2954566003616637,0.29545660036166366,0.6192133815551537,805.15,20,False
chapman,0.05,250,M3_hybrid,CD,0,0.9567980583450539,0.010729181191869195,0.9424268490745155,1.381351717902351,0.3813517179023508,0.6299050632911392,1884.75,20,False
chapman,0.05,250,M3_hybrid,CD,1,0.9397126358243761,0.05511342345721108,0.8273667797935287,1.381351717902351,0.3813517179023508,0.6299050632911392,327.25,20,False
chapman,0.05,250,M3_hybrid,NORM,0,0.9485694951341216,0.023006019105223298,0.9140884190878105,1.200361663652803,0.2003616636528029,0.6299050632911392,1007.9,20,False
chapman,0.05,250,M3_hybrid,NORM,1,0.9527439925826007,0.018899237452172674,0.92068081697756,1.200361663652803,0.2003616636528029,0.6299050632911392,1204.1,20,False
chapman,0.05,250,M3_hybrid,STTC,0,0.9530647172617582,0.020760275509116924,0.9102230679375618,1.3724231464737795,0.3724231464737794,0.6299050632911392,1406.85,20,False
chapman,0.05,250,M3_hybrid,STTC,1,0.9447395297160035,0.02470278181325256,0.9125535765385862,1.3724231464737795,0.3724231464737794,0.6299050632911392,805.15,20,False
chapman,0.05,250,M4_pooled,CD,0,0.9504133913183436,0.004375219753372303,0.9449676036548804,1.3193490054249548,0.31934900542495476,0.5481690777576854,1884.75,20,False
chapman,0.05,250,M4_pooled,CD,1,0.938271163855837,0.01714056946589657,0.9122027069316226,1.3193490054249548,0.31934900542495476,0.5481690777576854,327.25,20,False
chapman,0.05,250,M4_pooled,NORM,0,0.9597575347735974,0.005789370414736374,0.9526379920172354,1.193105786618445,0.19310578661844485,0.5481690777576854,1007.9,20,False
chapman,0.05,250,M4_pooled,NORM,1,0.9212567279308621,0.0072192886903559746,0.9126634405214343,1.193105786618445,0.19310578661844485,0.5481690777576854,1204.1,20,False
chapman,0.05,250,M4_pooled,STTC,0,0.957881328877186,0.004055866279508128,0.9503525742519515,1.3081600361663654,0.3081600361663653,0.5481690777576854,1406.85,20,False
chapman,0.05,250,M4_pooled,STTC,1,0.9307344002193719,0.011830024018364096,0.9134082847761925,1.3081600361663654,0.3081600361663653,0.5481690777576854,805.15,20,False
chapman,0.05,500,M0_source,CD,0,0.9499657998983244,0.0034823694685328778,0.9431534453781513,1.3263562386980108,0.3263562386980109,0.550497287522604,1884.75,20,False
chapman,0.05,500,M0_source,CD,1,0.9416981592989039,0.009854647850102111,0.9279170737002062,1.3263562386980108,0.3263562386980109,0.550497287522604,327.25,20,False
chapman,0.05,500,M0_source,NORM,0,0.961707068397682,0.0045095251833203115,0.9558678526649476,1.198123869801085,0.19812386980108498,0.550497287522604,1007.9,20,False
chapman,0.05,500,M0_source,NORM,1,0.9145346359650208,0.005696896159812845,0.9067682661489409,1.198123869801085,0.19812386980108498,0.550497287522604,1204.1,20,False
chapman,0.05,500,M0_source,STTC,0,0.96004607768756,0.00324592785818874,0.9546404893667285,1.3010623869801086,0.3010623869801085,0.550497287522604,1406.85,20,False
chapman,0.05,500,M0_source,STTC,1,0.9255337221894905,0.007576678595568417,0.9134082847761925,1.3010623869801086,0.3010623869801085,0.550497287522604,805.15,20,False
chapman,0.05,500,M1_target,CD,0,0.9545700118491626,0.007687657240515352,0.9425749920754916,1.3894213381555154,0.3894213381555154,0.6375,1884.75,20,False
chapman,0.05,500,M1_target,CD,1,0.953239600379316,0.02973171426334964,0.9103003003003003,1.3894213381555154,0.3894213381555154,0.6375,327.25,20,False
chapman,0.05,500,M1_target,NORM,0,0.9490921510505268,0.014975517196485905,0.9308239334999898,1.1904159132007233,0.19041591320072332,0.6375,1007.9,20,False
chapman,0.05,500,M1_target,NORM,1,0.9522094917852509,0.014681834673093178,0.9339747252205224,1.1904159132007233,0.19041591320072332,0.6375,1204.1,20,False
chapman,0.05,500,M1_target,STTC,0,0.9564342146427528,0.013087679870204684,0.9359012501502585,1.3797016274864375,0.3797016274864376,0.6375,1406.85,20,False
chapman,0.05,500,M1_target,STTC,1,0.9488578829453503,0.021659646197997446,0.9222294433027217,1.3797016274864375,0.3797016274864376,0.6375,805.15,20,False
chapman,0.05,500,M2_weighted,CD,0,0.9040640161606459,0.0099776171239965,0.8906828450106157,1.39875678119349,0.39875678119349006,0.6192133815551537,1884.75,20,False
chapman,0.05,500,M2_weighted,CD,1,0.9746119939343082,0.013173929301759877,0.9491934791934792,1.39875678119349,0.39875678119349006,0.6192133815551537,327.25,20,False
chapman,0.05,500,M2_weighted,NORM,0,0.9584740954936922,0.0053488704354208655,0.9496429596004738,1.277260397830018,0.2772603978300181,0.6192133815551537,1007.9,20,False
chapman,0.05,500,M2_weighted,NORM,1,0.9809146051681037,0.006452744173002624,0.9717276564418229,1.277260397830018,0.2772603978300181,0.6192133815551537,1204.1,20,False
chapman,0.05,500,M2_weighted,STTC,0,0.9804883404282615,0.003740542893560067,0.9744562055468404,1.2954566003616637,0.29545660036166366,0.6192133815551537,1406.85,20,False
chapman,0.05,500,M2_weighted,STTC,1,0.87633048401298,0.018453458273412174,0.8505316952549188,1.2954566003616637,0.29545660036166366,0.6192133815551537,805.15,20,False
chapman,0.05,500,M3_hybrid,CD,0,0.9545700118491626,0.007687657240515352,0.9425749920754916,1.3894213381555154,0.3894213381555154,0.6375,1884.75,20,False
chapman,0.05,500,M3_hybrid,CD,1,0.953239600379316,0.02973171426334964,0.9103003003003003,1.3894213381555154,0.3894213381555154,0.6375,327.25,20,False
chapman,0.05,500,M3_hybrid,NORM,0,0.9490921510505268,0.014975517196485905,0.9308239334999898,1.1904159132007233,0.19041591320072332,0.6375,1007.9,20,False
chapman,0.05,500,M3_hybrid,NORM,1,0.9522094917852509,0.014681834673093178,0.9339747252205224,1.1904159132007233,0.19041591320072332,0.6375,1204.1,20,False
chapman,0.05,500,M3_hybrid,STTC,0,0.9564342146427528,0.013087679870204684,0.9359012501502585,1.3797016274864375,0.3797016274864376,0.6375,1406.85,20,False
chapman,0.05,500,M3_hybrid,STTC,1,0.9488578829453503,0.021659646197997446,0.9222294433027217,1.3797016274864375,0.3797016274864376,0.6375,805.15,20,False
chapman,0.05,500,M4_pooled,CD,0,0.9510495106815494,0.003707839149737585,0.9467533467230504,1.3284132007233274,0.3284132007233273,0.5582730560578661,1884.75,20,False
chapman,0.05,500,M4_pooled,CD,1,0.9399675333904731,0.016771874450861837,0.9142039586919105,1.3284132007233274,0.3284132007233273,0.5582730560578661,327.25,20,False
chapman,0.05,500,M4_pooled,NORM,0,0.9587161692798866,0.005875626487749007,0.9505017007964371,1.19500452079566,0.19500452079566005,0.5582730560578661,1007.9,20,False
chapman,0.05,500,M4_pooled,NORM,1,0.9279956438849597,0.008993669747290435,0.9143685246187561,1.19500452079566,0.19500452079566005,0.5582730560578661,1204.1,20,False
chapman,0.05,500,M4_pooled,STTC,0,0.9577409044432237,0.00462862310877556,0.9503525742519515,1.3141048824593127,0.31410488245931284,0.5582730560578661,1406.85,20,False
chapman,0.05,500,M4_pooled,STTC,1,0.9324942476710593,0.011931555993061504,0.9119885603150255,1.3141048824593127,0.31410488245931284,0.5582730560578661,805.15,20,False
chapman,0.05,1000,M0_source,CD,0,0.9499657998983244,0.0034823694685328778,0.9431534453781513,1.3263562386980108,0.3263562386980109,0.550497287522604,1884.75,20,False
chapman,0.05,1000,M0_source,CD,1,0.9416981592989039,0.009854647850102111,0.9279170737002062,1.3263562386980108,0.3263562386980109,0.550497287522604,327.25,20,False
chapman,0.05,1000,M0_source,NORM,0,0.961707068397682,0.0045095251833203115,0.9558678526649476,1.198123869801085,0.19812386980108498,0.550497287522604,1007.9,20,False
chapman,0.05,1000,M0_source,NORM,1,0.9145346359650208,0.005696896159812845,0.9067682661489409,1.198123869801085,0.19812386980108498,0.550497287522604,1204.1,20,False
chapman,0.05,1000,M0_source,STTC,0,0.96004607768756,0.00324592785818874,0.9546404893667285,1.3010623869801086,0.3010623869801085,0.550497287522604,1406.85,20,False
chapman,0.05,1000,M0_source,STTC,1,0.9255337221894905,0.007576678595568417,0.9134082847761925,1.3010623869801086,0.3010623869801085,0.550497287522604,805.15,20,False
chapman,0.05,1000,M1_target,CD,0,0.9530934303977878,0.0056659270829180625,0.9437914802981895,1.3647830018083182,0.3647830018083183,0.6298372513562387,1884.75,20,False
chapman,0.05,1000,M1_target,CD,1,0.9493388157850158,0.02670731711565656,0.9092939324867036,1.3647830018083182,0.3647830018083183,0.6298372513562387,327.25,20,False
chapman,0.05,1000,M1_target,NORM,0,0.952622264106697,0.012348469246952072,0.9327384416424184,1.1995931283905967,0.19959312839059676,0.6298372513562387,1007.9,20,False
chapman,0.05,1000,M1_target,NORM,1,0.9519354676074995,0.009625765539820644,0.9391961544760491,1.1995931283905967,0.19959312839059676,0.6298372513562387,1204.1,20,False
chapman,0.05,1000,M1_target,STTC,0,0.9562131596860033,0.007360774464048882,0.9460528388062053,1.3916365280289331,0.39163652802893306,0.6298372513562387,1406.85,20,False
chapman,0.05,1000,M1_target,STTC,1,0.9527269341057997,0.015201272876590424,0.9336617376511612,1.3916365280289331,0.39163652802893306,0.6298372513562387,805.15,20,False
chapman,0.05,1000,M2_weighted,CD,0,0.9040640161606459,0.0099776171239965,0.8906828450106157,1.39875678119349,0.39875678119349006,0.6192133815551537,1884.75,20,False
chapman,0.05,1000,M2_weighted,CD,1,0.9746119939343082,0.013173929301759877,0.9491934791934792,1.39875678119349,0.39875678119349006,0.6192133815551537,327.25,20,False
chapman,0.05,1000,M2_weighted,NORM,0,0.9584740954936922,0.0053488704354208655,0.9496429596004738,1.277260397830018,0.2772603978300181,0.6192133815551537,1007.9,20,False
chapman,0.05,1000,M2_weighted,NORM,1,0.9809146051681037,0.006452744173002624,0.9717276564418229,1.277260397830018,0.2772603978300181,0.6192133815551537,1204.1,20,False
chapman,0.05,1000,M2_weighted,STTC,0,0.9804883404282615,0.003740542893560067,0.9744562055468404,1.2954566003616637,0.29545660036166366,0.6192133815551537,1406.85,20,False
chapman,0.05,1000,M2_weighted,STTC,1,0.87633048401298,0.018453458273412174,0.8505316952549188,1.2954566003616637,0.29545660036166366,0.6192133815551537,805.15,20,False
chapman,0.05,1000,M3_hybrid,CD,0,0.9530934303977878,0.0056659270829180625,0.9437914802981895,1.3647830018083182,0.3647830018083183,0.6298372513562387,1884.75,20,False
chapman,0.05,1000,M3_hybrid,CD,1,0.9493388157850158,0.02670731711565656,0.9092939324867036,1.3647830018083182,0.3647830018083183,0.6298372513562387,327.25,20,False
chapman,0.05,1000,M3_hybrid,NORM,0,0.952622264106697,0.012348469246952072,0.9327384416424184,1.1995931283905967,0.19959312839059676,0.6298372513562387,1007.9,20,False
chapman,0.05,1000,M3_hybrid,NORM,1,0.9519354676074995,0.009625765539820644,0.9391961544760491,1.1995931283905967,0.19959312839059676,0.6298372513562387,1204.1,20,False
chapman,0.05,1000,M3_hybrid,STTC,0,0.9562131596860033,0.007360774464048882,0.9460528388062053,1.3916365280289331,0.39163652802893306,0.6298372513562387,1406.85,20,False
chapman,0.05,1000,M3_hybrid,STTC,1,0.9527269341057997,0.015201272876590424,0.9336617376511612,1.3916365280289331,0.39163652802893306,0.6298372513562387,805.15,20,False
chapman,0.05,1000,M4_pooled,CD,0,0.951078598184325,0.005124747168849991,0.9407514802981896,1.3314195298372513,0.33141952983725137,0.5721745027124774,1884.75,20,False
chapman,0.05,1000,M4_pooled,CD,1,0.9421599199208277,0.018440560118832095,0.9098963421252578,1.3314195298372513,0.33141952983725137,0.5721745027124774,327.25,20,False
chapman,0.05,1000,M4_pooled,NORM,0,0.9581843597325326,0.006299383213749985,0.9474405111561708,1.2028933092224232,0.20289330922242313,0.5721745027124774,1007.9,20,False
chapman,0.05,1000,M4_pooled,NORM,1,0.9367293574025981,0.010073893806989994,0.9169049822634684,1.2028933092224232,0.20289330922242313,0.5721745027124774,1204.1,20,False
chapman,0.05,1000,M4_pooled,STTC,0,0.9574178779998904,0.004373303546780058,0.9503525742519515,1.331125678119349,0.331125678119349,0.5721745027124774,1406.85,20,False
chapman,0.05,1000,M4_pooled,STTC,1,0.938118554335732,0.012031163282146732,0.9170281419915521,1.331125678119349,0.331125678119349,0.5721745027124774,805.15,20,False
chapman,0.1,100,M0_source,CD,0,0.8990924463595906,0.005644831322503623,0.8911707703081233,1.1101491862567812,0.11014918625678119,0.21950723327305605,1884.75,20,False
chapman,0.1,100,M0_source,CD,1,0.856619201486884,0.014288753787993557,0.8376575420587397,1.1101491862567812,0.11014918625678119,0.21950723327305605,327.25,20,False
chapman,0.1,100,M0_source,NORM,0,0.9347016133842436,0.005490919364835254,0.9279889584496762,1.0520117540687162,0.052011754068716096,0.21950723327305605,1007.9,20,False
chapman,0.1,100,M0_source,NORM,1,0.8509240011568542,0.00622855424664694,0.8433394095336527,1.0520117540687162,0.052011754068716096,0.21950723327305605,1204.1,20,False
chapman,0.1,100,M0_source,STTC,0,0.890750643581254,0.004185678875294986,0.8850777209930089,1.0892857142857142,0.08928571428571429,0.21950723327305605,1406.85,20,False
chapman,0.1,100,M0_source,STTC,1,0.8574473189209435,0.007570846760323379,0.8464207558318975,1.0892857142857142,0.08928571428571429,0.21950723327305605,805.15,20,False
chapman,0.1,100,M1_target,CD,0,0.9090100342454613,0.02078343786147208,0.8817787885738989,1.2319620253164556,0.23196202531645568,0.44834990958408677,1884.75,20,False
chapman,0.1,100,M1_target,CD,1,0.9074850082956865,0.05060080288566793,0.8386427441852201,1.2319620253164556,0.23196202531645568,0.44834990958408677,327.25,20,False
chapman,0.1,100,M1_target,NORM,0,0.9073087842458408,0.036564931298142304,0.8430685662243039,1.0482142857142858,0.059538878842676314,0.44834990958408677,1007.9,20,False
chapman,0.1,100,M1_target,NORM,1,0.8958366275281971,0.03807344408824336,0.8377967441564839,1.0482142857142858,0.059538878842676314,0.44834990958408677,1204.1,20,False
chapman,0.1,100,M1_target,STTC,0,0.9113149102547966,0.0433781410743067,0.8301489379651628,1.2484177215189873,0.24841772151898733,0.44834990958408677,1406.85,20,False
chapman,0.1,100,M1_target,STTC,1,0.9148821810551331,0.05986822483154872,0.8011719272830341,1.2484177215189873,0.24841772151898733,0.44834990958408677,805.15,20,False
chapman,0.1,100,M2_weighted,CD,0,0.8399637680511332,0.010512776171640426,0.8234462745098039,1.150361663652803,0.1503616636528029,0.3255650994575045,1884.75,20,False
chapman,0.1,100,M2_weighted,CD,1,0.9176218541783232,0.015589172338822385,0.8979365079365079,1.150361663652803,0.1503616636528029,0.3255650994575045,327.25,20,False
chapman,0.1,100,M2_weighted,NORM,0,0.927609958447513,0.00931106628508686,0.914419141109282,1.080741410488246,0.08074141048824593,0.3255650994575045,1007.9,20,False
chapman,0.1,100,M2_weighted,NORM,1,0.9085772399183281,0.007353553816780972,0.8979287949439548,1.080741410488246,0.08074141048824593,0.3255650994575045,1204.1,20,False
chapman,0.1,100,M2_weighted,STTC,0,0.9622418918371156,0.004316105108244199,0.9548886925884749,1.1749095840867994,0.1749095840867993,0.3255650994575045,1406.85,20,False
chapman,0.1,100,M2_weighted,STTC,1,0.8213410798481421,0.015449355490160572,0.7992466986268393,1.1749095840867994,0.1749095840867993,0.3255650994575045,805.15,20,False
chapman,0.1,100,M3_hybrid,CD,0,0.9090100342454613,0.02078343786147208,0.8817787885738989,1.2192359855334538,0.2192359855334539,0.4339737793851718,1884.75,20,False
chapman,0.1,100,M3_hybrid,CD,1,0.9142099079097988,0.02800548490527355,0.8853127079174983,1.2192359855334538,0.2192359855334539,0.4339737793851718,327.25,20,False
chapman,0.1,100,M3_hybrid,NORM,0,0.9073087842458408,0.036564931298142304,0.8430685662243039,1.0482142857142858,0.059538878842676314,0.4339737793851718,1007.9,20,False
chapman,0.1,100,M3_hybrid,NORM,1,0.8958366275281971,0.03807344408824336,0.8377967441564839,1.0482142857142858,0.059538878842676314,0.4339737793851718,1204.1,20,False
chapman,0.1,100,M3_hybrid,STTC,0,0.9113149102547966,0.0433781410743067,0.8301489379651628,1.2484177215189873,0.24841772151898733,0.4339737793851718,1406.85,20,False
chapman,0.1,100,M3_hybrid,STTC,1,0.9148821810551331,0.05986822483154872,0.8011719272830341,1.2484177215189873,0.24841772151898733,0.4339737793851718,805.15,20,False
chapman,0.1,100,M4_pooled,CD,0,0.8994656672074802,0.005689460504647885,0.8906448879551822,1.109900542495479,0.1099005424954792,0.23270795660036167,1884.75,20,False
chapman,0.1,100,M4_pooled,CD,1,0.8550350532144945,0.017518526040217638,0.8306272996176323,1.109900542495479,0.1099005424954792,0.23270795660036167,327.25,20,False
chapman,0.1,100,M4_pooled,NORM,0,0.9340538597020955,0.005639053000949976,0.9279404618444386,1.0536618444846293,0.053661844484629295,0.23270795660036167,1007.9,20,False
chapman,0.1,100,M4_pooled,NORM,1,0.855258388358183,0.00912555566262214,0.8442668520278532,1.0536618444846293,0.053661844484629295,0.23270795660036167,1204.1,20,False
chapman,0.1,100,M4_pooled,STTC,0,0.8913266973911478,0.0054629692950358,0.8834734578431754,1.1044529837251358,0.10445298372513563,0.23270795660036167,1406.85,20,False
chapman,0.1,100,M4_pooled,STTC,1,0.8695300489302522,0.01979468406790842,0.8417235988479667,1.1044529837251358,0.10445298372513563,0.23270795660036167,805.15,20,False
chapman,0.1,250,M0_source,CD,0,0.8990924463595906,0.005644831322503623,0.8911707703081233,1.1101491862567812,0.11014918625678119,0.21950723327305605,1884.75,20,False
chapman,0.1,250,M0_source,CD,1,0.856619201486884,0.014288753787993557,0.8376575420587397,1.1101491862567812,0.11014918625678119,0.21950723327305605,327.25,20,False
chapman,0.1,250,M0_source,NORM,0,0.9347016133842436,0.005490919364835254,0.9279889584496762,1.0520117540687162,0.052011754068716096,0.21950723327305605,1007.9,20,False
chapman,0.1,250,M0_source,NORM,1,0.8509240011568542,0.00622855424664694,0.8433394095336527,1.0520117540687162,0.052011754068716096,0.21950723327305605,1204.1,20,False
chapman,0.1,250,M0_source,STTC,0,0.890750643581254,0.004185678875294986,0.8850777209930089,1.0892857142857142,0.08928571428571429,0.21950723327305605,1406.85,20,False
chapman,0.1,250,M0_source,STTC,1,0.8574473189209435,0.007570846760323379,0.8464207558318975,1.0892857142857142,0.08928571428571429,0.21950723327305605,805.15,20,False
chapman,0.1,250,M1_target,CD,0,0.9067350802959894,0.01606882504349357,0.8775865205023571,1.18998643761302,0.1899864376130199,0.35628390596745024,1884.75,20,False
chapman,0.1,250,M1_target,CD,1,0.8905237622539026,0.06495017813813041,0.7565083688045596,1.18998643761302,0.1899864376130199,0.35628390596745024,327.25,20,False
chapman,0.1,250,M1_target,NORM,0,0.9008262181446879,0.031609473570086,0.8585567666113094,1.0432640144665462,0.04737793851717902,0.35628390596745024,1007.9,20,False
chapman,0.1,250,M1_target,NORM,1,0.9109380275902004,0.018770034055974365,0.8827943760117557,1.0432640144665462,0.04737793851717902,0.35628390596745024,1204.1,20,False
chapman,0.1,250,M1_target,STTC,0,0.9091436336830399,0.02117574926931543,0.8856719146113563,1.1787070524412298,0.17870705244122967,0.35628390596745024,1406.85,20,False
chapman,0.1,250,M1_target,STTC,1,0.8925747545697542,0.04639501488856791,0.8306531135764059,1.1787070524412298,0.17870705244122967,0.35628390596745024,805.15,20,False
chapman,0.1,250,M2_weighted,CD,0,0.8399637680511332,0.010512776171640426,0.8234462745098039,1.150361663652803,0.1503616636528029,0.3255650994575045,1884.75,20,False
chapman,0.1,250,M2_weighted,CD,1,0.9176218541783232,0.015589172338822385,0.8979365079365079,1.150361663652803,0.1503616636528029,0.3255650994575045,327.25,20,False
chapman,0.1,250,M2_weighted,NORM,0,0.927609958447513,0.00931106628508686,0.914419141109282,1.080741410488246,0.08074141048824593,0.3255650994575045,1007.9,20,False
chapman,0.1,250,M2_weighted,NORM,1,0.9085772399183281,0.007353553816780972,0.8979287949439548,1.080741410488246,0.08074141048824593,0.3255650994575045,1204.1,20,False
chapman,0.1,250,M2_weighted,STTC,0,0.9622418918371156,0.004316105108244199,0.9548886925884749,1.1749095840867994,0.1749095840867993,0.3255650994575045,1406.85,20,False
chapman,0.1,250,M2_weighted,STTC,1,0.8213410798481421,0.015449355490160572,0.7992466986268393,1.1749095840867994,0.1749095840867993,0.3255650994575045,805.15,20,False
chapman,0.1,250,M3_hybrid,CD,0,0.9067350802959894,0.01606882504349357,0.8775865205023571,1.18998643761302,0.1899864376130199,0.35628390596745024,1884.75,20,False
chapman,0.1,250,M3_hybrid,CD,1,0.8905237622539026,0.06495017813813041,0.7565083688045596,1.18998643761302,0.1899864376130199,0.35628390596745024,327.25,20,False
chapman,0.1,250,M3_hybrid,NORM,0,0.9008262181446879,0.031609473570086,0.8585567666113094,1.0432640144665462,0.04737793851717902,0.35628390596745024,1007.9,20,False
chapman,0.1,250,M3_hybrid,NORM,1,0.9109380275902004,0.018770034055974365,0.8827943760117557,1.0432640144665462,0.04737793851717902,0.35628390596745024,1204.1,20,False
chapman,0.1,250,M3_hybrid,STTC,0,0.9091436336830399,0.02117574926931543,0.8856719146113563,1.1787070524412298,0.17870705244122967,0.35628390596745024,1406.85,20,False
chapman,0.1,250,M3_hybrid,STTC,1,0.8925747545697542,0.04639501488856791,0.8306531135764059,1.1787070524412298,0.17870705244122967,0.35628390596745024,805.15,20,False
chapman,0.1,250,M4_pooled,CD,0,0.9002890096450535,0.0062372914082653155,0.8923112812958897,1.124864376130199,0.12486437613019892,0.25201175406871607,1884.75,20,False
chapman,0.1,250,M4_pooled,CD,1,0.8621980711374624,0.028357079219914344,0.8128598225236274,1.124864376130199,0.12486437613019892,0.25201175406871607,327.25,20,False
chapman,0.1,250,M4_pooled,NORM,0,0.933155790708963,0.006219412662152848,0.926932369279605,1.0577757685352622,0.05777576853526221,0.25201175406871607,1007.9,20,False
chapman,0.1,250,M4_pooled,NORM,1,0.8645978052441843,0.008560294877508826,0.8524531536364651,1.0577757685352622,0.05777576853526221,0.25201175406871607,1204.1,20,False
chapman,0.1,250,M4_pooled,STTC,0,0.8927062802096716,0.004919339162439108,0.8844843266093274,1.1095388788426763,0.1095388788426763,0.25201175406871607,1406.85,20,False
chapman,0.1,250,M4_pooled,STTC,1,0.8714712148204911,0.022899428567113255,0.841535393076323,1.1095388788426763,0.1095388788426763,0.25201175406871607,805.15,20,False
chapman,0.1,500,M0_source,CD,0,0.8990924463595906,0.005644831322503623,0.8911707703081233,1.1101491862567812,0.11014918625678119,0.21950723327305605,1884.75,20,False
chapman,0.1,500,M0_source,CD,1,0.856619201486884,0.014288753787993557,0.8376575420587397,1.1101491862567812,0.11014918625678119,0.21950723327305605,327.25,20,False
chapman,0.1,500,M0_source,NORM,0,0.9347016133842436,0.005490919364835254,0.9279889584496762,1.0520117540687162,0.052011754068716096,0.21950723327305605,1007.9,20,False
chapman,0.1,500,M0_source,NORM,1,0.8509240011568542,0.00622855424664694,0.8433394095336527,1.0520117540687162,0.052011754068716096,0.21950723327305605,1204.1,20,False
chapman,0.1,500,M0_source,STTC,0,0.890750643581254,0.004185678875294986,0.8850777209930089,1.0892857142857142,0.08928571428571429,0.21950723327305605,1406.85,20,False
chapman,0.1,500,M0_source,STTC,1,0.8574473189209435,0.007570846760323379,0.8464207558318975,1.0892857142857142,0.08928571428571429,0.21950723327305605,805.15,20,False
chapman,0.1,500,M1_target,CD,0,0.9057792904211646,0.012928917974081404,0.8846899052996722,1.2033227848101267,0.20332278481012658,0.3461121157323689,1884.75,20,False
chapman,0.1,500,M1_target,CD,1,0.9052204014302992,0.03566772595038598,0.843591187178621,1.2033227848101267,0.20332278481012658,0.3461121157323689,327.25,20,False
chapman,0.1,500,M1_target,NORM,0,0.9002861994540673,0.022341943915904165,0.8648593265396545,1.033363471971067,0.03533001808318264,0.3461121157323689,1007.9,20,False
chapman,0.1,500,M1_target,NORM,1,0.9058347309940876,0.014667009209076844,0.8884094877565397,1.033363471971067,0.03533001808318264,0.3461121157323689,1204.1,20,False
chapman,0.1,500,M1_target,STTC,0,0.9040951444167646,0.018243547569198798,0.8770838129456624,1.1595840867992766,0.15958408679927666,0.3461121157323689,1406.85,20,False
chapman,0.1,500,M1_target,STTC,1,0.8941746865722469,0.03303809380278267,0.8391053671417068,1.1595840867992766,0.15958408679927666,0.3461121157323689,805.15,20,False
chapman,0.1,500,M2_weighted,CD,0,0.8399637680511332,0.010512776171640426,0.8234462745098039,1.150361663652803,0.1503616636528029,0.3255650994575045,1884.75,20,False
chapman,0.1,500,M2_weighted,CD,1,0.9176218541783232,0.015589172338822385,0.8979365079365079,1.150361663652803,0.1503616636528029,0.3255650994575045,327.25,20,False
chapman,0.1,500,M2_weighted,NORM,0,0.927609958447513,0.00931106628508686,0.914419141109282,1.080741410488246,0.08074141048824593,0.3255650994575045,1007.9,20,False
chapman,0.1,500,M2_weighted,NORM,1,0.9085772399183281,0.007353553816780972,0.8979287949439548,1.080741410488246,0.08074141048824593,0.3255650994575045,1204.1,20,False
chapman,0.1,500,M2_weighted,STTC,0,0.9622418918371156,0.004316105108244199,0.9548886925884749,1.1749095840867994,0.1749095840867993,0.3255650994575045,1406.85,20,False
chapman,0.1,500,M2_weighted,STTC,1,0.8213410798481421,0.015449355490160572,0.7992466986268393,1.1749095840867994,0.1749095840867993,0.3255650994575045,805.15,20,False
chapman,0.1,500,M3_hybrid,CD,0,0.9057792904211646,0.012928917974081404,0.8846899052996722,1.2033227848101267,0.20332278481012658,0.3461121157323689,1884.75,20,False
chapman,0.1,500,M3_hybrid,CD,1,0.9052204014302992,0.03566772595038598,0.843591187178621,1.2033227848101267,0.20332278481012658,0.3461121157323689,327.25,20,False
chapman,0.1,500,M3_hybrid,NORM,0,0.9002861994540673,0.022341943915904165,0.8648593265396545,1.033363471971067,0.03533001808318264,0.3461121157323689,1007.9,20,False
chapman,0.1,500,M3_hybrid,NORM,1,0.9058347309940876,0.014667009209076844,0.8884094877565397,1.033363471971067,0.03533001808318264,0.3461121157323689,1204.1,20,False
chapman,0.1,500,M3_hybrid,STTC,0,0.9040951444167646,0.018243547569198798,0.8770838129456624,1.1595840867992766,0.15958408679927666,0.3461121157323689,1406.85,20,False
chapman,0.1,500,M3_hybrid,STTC,1,0.8941746865722469,0.03303809380278267,0.8391053671417068,1.1595840867992766,0.15958408679927666,0.3461121157323689,805.15,20,False
chapman,0.1,500,M4_pooled,CD,0,0.9008985351430645,0.007243200442933672,0.8890450747191496,1.1410488245931283,0.1410488245931284,0.27242314647377935,1884.75,20,False
chapman,0.1,500,M4_pooled,CD,1,0.8736104475883764,0.0237867372111019,0.8351291393117379,1.1410488245931283,0.1410488245931284,0.27242314647377935,327.25,20,False
chapman,0.1,500,M4_pooled,NORM,0,0.9306194899309945,0.007217375009760538,0.9224106850133329,1.057255877034358,0.05725587703435805,0.27242314647377935,1007.9,20,False
chapman,0.1,500,M4_pooled,NORM,1,0.8723631826711836,0.010607031534805344,0.8592247488753313,1.057255877034358,0.05725587703435805,0.27242314647377935,1204.1,20,False
chapman,0.1,500,M4_pooled,STTC,0,0.8940289677371919,0.006557051408352489,0.884297048371524,1.1212025316455696,0.12120253164556963,0.27242314647377935,1406.85,20,False
chapman,0.1,500,M4_pooled,STTC,1,0.8787275775680626,0.02058614561401571,0.841535393076323,1.1212025316455696,0.12120253164556963,0.27242314647377935,805.15,20,False
chapman,0.1,1000,M0_source,CD,0,0.8990924463595906,0.005644831322503623,0.8911707703081233,1.1101491862567812,0.11014918625678119,0.21950723327305605,1884.75,20,False
chapman,0.1,1000,M0_source,CD,1,0.856619201486884,0.014288753787993557,0.8376575420587397,1.1101491862567812,0.11014918625678119,0.21950723327305605,327.25,20,False
chapman,0.1,1000,M0_source,NORM,0,0.9347016133842436,0.005490919364835254,0.9279889584496762,1.0520117540687162,0.052011754068716096,0.21950723327305605,1007.9,20,False
chapman,0.1,1000,M0_source,NORM,1,0.8509240011568542,0.00622855424664694,0.8433394095336527,1.0520117540687162,0.052011754068716096,0.21950723327305605,1204.1,20,False
chapman,0.1,1000,M0_source,STTC,0,0.890750643581254,0.004185678875294986,0.8850777209930089,1.0892857142857142,0.08928571428571429,0.21950723327305605,1406.85,20,False
chapman,0.1,1000,M0_source,STTC,1,0.8574473189209435,0.007570846760323379,0.8464207558318975,1.0892857142857142,0.08928571428571429,0.21950723327305605,805.15,20,False
chapman,0.1,1000,M1_target,CD,0,0.9056959149894611,0.01114336559165266,0.8889915415285715,1.1956600361663654,0.1956600361663653,0.347129294755877,1884.75,20,False
chapman,0.1,1000,M1_target,CD,1,0.9061320871269279,0.02646598264364573,0.8755632921295572,1.1956600361663654,0.1956600361663653,0.347129294755877,327.25,20,False
chapman,0.1,1000,M1_target,NORM,0,0.9035731886895642,0.017355886466877354,0.876361529945429,1.0366862567811936,0.036686256781193485,0.347129294755877,1007.9,20,False
chapman,0.1,1000,M1_target,NORM,1,0.9064697864361599,0.013510006455216828,0.8910478691472477,1.0366862567811936,0.036686256781193485,0.347129294755877,1204.1,20,False
chapman,0.1,1000,M1_target,STTC,0,0.9067778439369727,0.011667990994272105,0.8904148635653323,1.169122965641953,0.169122965641953,0.347129294755877,1406.85,20,False
chapman,0.1,1000,M1_target,STTC,1,0.9014727911386997,0.023743062767034532,0.858516970486458,1.169122965641953,0.169122965641953,0.347129294755877,805.15,20,False
chapman,0.1,1000,M2_weighted,CD,0,0.8399637680511332,0.010512776171640426,0.8234462745098039,1.150361663652803,0.1503616636528029,0.3255650994575045,1884.75,20,False
chapman,0.1,1000,M2_weighted,CD,1,0.9176218541783232,0.015589172338822385,0.8979365079365079,1.150361663652803,0.1503616636528029,0.3255650994575045,327.25,20,False
chapman,0.1,1000,M2_weighted,NORM,0,0.927609958447513,0.00931106628508686,0.914419141109282,1.080741410488246,0.08074141048824593,0.3255650994575045,1007.9,20,False
chapman,0.1,1000,M2_weighted,NORM,1,0.9085772399183281,0.007353553816780972,0.8979287949439548,1.080741410488246,0.08074141048824593,0.3255650994575045,1204.1,20,False
chapman,0.1,1000,M2_weighted,STTC,0,0.9622418918371156,0.004316105108244199,0.9548886925884749,1.1749095840867994,0.1749095840867993,0.3255650994575045,1406.85,20,False
chapman,0.1,1000,M2_weighted,STTC,1,0.8213410798481421,0.015449355490160572,0.7992466986268393,1.1749095840867994,0.1749095840867993,0.3255650994575045,805.15,20,False
chapman,0.1,1000,M3_hybrid,CD,0,0.9056959149894611,0.01114336559165266,0.8889915415285715,1.1956600361663654,0.1956600361663653,0.347129294755877,1884.75,20,False
chapman,0.1,1000,M3_hybrid,CD,1,0.9061320871269279,0.02646598264364573,0.8755632921295572,1.1956600361663654,0.1956600361663653,0.347129294755877,327.25,20,False
chapman,0.1,1000,M3_hybrid,NORM,0,0.9035731886895642,0.017355886466877354,0.876361529945429,1.0366862567811936,0.036686256781193485,0.347129294755877,1007.9,20,False
chapman,0.1,1000,M3_hybrid,NORM,1,0.9064697864361599,0.013510006455216828,0.8910478691472477,1.0366862567811936,0.036686256781193485,0.347129294755877,1204.1,20,False
chapman,0.1,1000,M3_hybrid,STTC,0,0.9067778439369727,0.011667990994272105,0.8904148635653323,1.169122965641953,0.169122965641953,0.347129294755877,1406.85,20,False
chapman,0.1,1000,M3_hybrid,STTC,1,0.9014727911386997,0.023743062767034532,0.858516970486458,1.169122965641953,0.169122965641953,0.347129294755877,805.15,20,False
chapman,0.1,1000,M4_pooled,CD,0,0.9019026961095429,0.007551506031537675,0.8895760875989398,1.1520343580470163,0.1520343580470163,0.29143309222423147,1884.75,20,False
chapman,0.1,1000,M4_pooled,CD,1,0.8809576019788489,0.020442819967011503,0.8527974172137652,1.1520343580470163,0.1520343580470163,0.29143309222423147,327.25,20,False
chapman,0.1,1000,M4_pooled,NORM,0,0.9272034924925208,0.009160507323636087,0.9117139875966258,1.058612115732369,0.058612115732368894,0.29143309222423147,1007.9,20,False
chapman,0.1,1000,M4_pooled,NORM,1,0.8842487691459846,0.011371023611828452,0.8694197668749221,1.058612115732369,0.058612115732368894,0.29143309222423147,1204.1,20,False
chapman,0.1,1000,M4_pooled,STTC,0,0.8971198406377108,0.007202371802109263,0.887121741850143,1.1330244122965643,0.1330244122965642,0.29143309222423147,1406.85,20,False
chapman,0.1,1000,M4_pooled,STTC,1,0.885041282042393,0.01723073403584728,0.8534880003836042,1.1330244122965643,0.1330244122965642,0.29143309222423147,805.15,20,False
georgia,0.05,100,M0_source,CD,0,0.8701180632067693,0.005671695424608685,0.8609940038820318,1.3589490674318507,0.3589490674318508,0.8005200860832138,2147.3,20,False
georgia,0.05,100,M0_source,CD,1,0.9666387399883941,0.005616183724309316,0.9593979007174154,1.3589490674318507,0.3589490674318508,0.8005200860832138,640.7,20,False
georgia,0.05,100,M0_source,HYP,0,0.9494149398883606,0.003207730672459006,0.9442101870006434,1.5012374461979914,0.5012374461979914,0.8005200860832138,2157.65,20,False
georgia,0.05,100,M0_source,HYP,1,0.9158798758607777,0.005670654199225575,0.9069257126193774,1.5012374461979914,0.5012374461979914,0.8005200860832138,630.35,20,False
georgia,0.05,100,M0_source,NORM,0,0.95319733085878,0.002308089002394578,0.9495026933125671,1.175735294117647,0.17573529411764705,0.8005200860832138,1966.7,20,False
georgia,0.05,100,M0_source,NORM,1,0.7719359375675803,0.006525646363576273,0.7641158203658204,1.175735294117647,0.17573529411764705,0.8005200860832138,821.3,20,False
georgia,0.05,100,M0_source,STTC,0,0.9319625909571521,0.005008734749798198,0.924748782344472,1.4336262553802008,0.43362625538020083,0.8005200860832138,1385.9,20,False
georgia,0.05,100,M0_source,STTC,1,0.8909816888809127,0.006328957278675691,0.8815665701881331,1.4336262553802008,0.43362625538020083,0.8005200860832138,1402.1,20,False
georgia,0.05,100,M1_target,CD,0,0.9540824439843162,0.029073674554278943,0.9021613512370203,1.6096305595408897,0.6096305595408895,0.9441714490674318,2147.3,20,False
georgia,0.05,100,M1_target,CD,1,0.9706379376448797,0.040991874144040034,0.9015784330798553,1.6096305595408897,0.6096305595408895,0.9441714490674318,640.7,20,False
georgia,0.05,100,M1_target,HYP,0,0.9598473001195856,0.020044620690159942,0.9275587882277035,1.6573529411764707,0.6573529411764706,0.9441714490674318,2157.65,20,False
georgia,0.05,100,M1_target,HYP,1,0.9528292602698747,0.04201018824867413,0.8886498577923561,1.6573529411764707,0.6573529411764706,0.9441714490674318,630.35,20,False
georgia,0.05,100,M1_target,NORM,0,0.9593463307737714,0.027130960791895874,0.9180477918154981,1.6108500717360115,0.6108500717360115,0.9441714490674318,1966.7,20,False
georgia,0.05,100,M1_target,NORM,1,0.9675541572551026,0.027942483736121692,0.9388862384008015,1.6108500717360115,0.6108500717360115,0.9441714490674318,821.3,20,False
georgia,0.05,100,M1_target,STTC,0,0.9582450002228725,0.02670389644396472,0.9132413688699179,1.6818866571018654,0.6818866571018651,0.9441714490674318,1385.9,20,False
georgia,0.05,100,M1_target,STTC,1,0.9696339850396833,0.022007842922396714,0.9259692813012422,1.6818866571018654,0.6818866571018651,0.9441714490674318,1402.1,20,False
georgia,0.05,100,M2_weighted,CD,0,0.9019031073529437,0.009494109546036814,0.8907240837245359,1.3796987087517933,0.3796987087517934,0.7766499282639885,2147.3,20,False
georgia,0.05,100,M2_weighted,CD,1,0.9610923979962459,0.007449155984213944,0.9514794886609851,1.3796987087517933,0.3796987087517934,0.7766499282639885,640.7,20,False
georgia,0.05,100,M2_weighted,HYP,0,0.9535341236000123,0.004916220302478326,0.9468592786978075,1.4200502152080345,0.4200502152080344,0.7766499282639885,2157.65,20,False
georgia,0.05,100,M2_weighted,HYP,1,0.8641159106622585,0.02058425503644721,0.8395316423212588,1.4200502152080345,0.4200502152080344,0.7766499282639885,630.35,20,False
georgia,0.05,100,M2_weighted,NORM,0,0.9060127214883564,0.005451388387357382,0.8959953325625405,1.227367288378766,0.22736728837876616,0.7766499282639885,1966.7,20,False
georgia,0.05,100,M2_weighted,NORM,1,0.8753846350304453,0.011759232826053725,0.8563366851595007,1.227367288378766,0.22736728837876616,0.7766499282639885,821.3,20,False
georgia,0.05,100,M2_weighted,STTC,0,0.9493832644864744,0.004508442187168492,0.9438749781833595,1.422525107604017,0.42252510760401724,0.7766499282639885,1385.9,20,False
georgia,0.05,100,M2_weighted,STTC,1,0.8511151616421475,0.009356411532456107,0.8386529175050301,1.422525107604017,0.42252510760401724,0.7766499282639885,1402.1,20,False
georgia,0.05,100,M3_hybrid,CD,0,0.9540824439843162,0.029073674554278943,0.9021613512370203,1.513522238163558,0.5135222381635581,0.9096843615494979,2147.3,20,False
georgia,0.05,100,M3_hybrid,CD,1,0.9607074905655191,0.037450314458896,0.9015784330798553,1.513522238163558,0.5135222381635581,0.9096843615494979,640.7,20,False
georgia,0.05,100,M3_hybrid,HYP,0,0.9598473001195856,0.020044620690159942,0.9275587882277035,1.5467360114777617,0.5467360114777619,0.9096843615494979,2157.65,20,False
georgia,0.05,100,M3_hybrid,HYP,1,0.9146750796670977,0.05244687863465617,0.8460769301147499,1.5467360114777617,0.5467360114777619,0.9096843615494979,630.35,20,False
georgia,0.05,100,M3_hybrid,NORM,0,0.9593463307737714,0.027130960791895874,0.9180477918154981,1.6108500717360115,0.6108500717360115,0.9096843615494979,1966.7,20,False
georgia,0.05,100,M3_hybrid,NORM,1,0.9675541572551026,0.027942483736121692,0.9388862384008015,1.6108500717360115,0.6108500717360115,0.9096843615494979,821.3,20,False
georgia,0.05,100,M3_hybrid,STTC,0,0.9582450002228725,0.02670389644396472,0.9132413688699179,1.6818866571018654,0.6818866571018651,0.9096843615494979,1385.9,20,False
georgia,0.05,100,M3_hybrid,STTC,1,0.9696339850396833,0.022007842922396714,0.9259692813012422,1.6818866571018654,0.6818866571018651,0.9096843615494979,1402.1,20,False
georgia,0.05,100,M4_pooled,CD,0,0.8845585784710629,0.010838403462266112,0.8687523149145097,1.366409612625538,0.366409612625538,0.8007352941176471,2147.3,20,False
georgia,0.05,100,M4_pooled,CD,1,0.9636071873736076,0.00740796639023371,0.9540982427512309,1.366409612625538,0.366409612625538,0.8007352941176471,640.7,20,False
georgia,0.05,100,M4_pooled,HYP,0,0.948833139688464,0.003442357950174462,0.9440705585129605,1.4728479196556672,0.47284791965566714,0.8007352941176471,2157.65,20,False
georgia,0.05,100,M4_pooled,HYP,1,0.9014182318779451,0.02631931488694463,0.8532327887166598,1.4728479196556672,0.47284791965566714,0.8007352941176471,630.35,20,False
georgia,0.05,100,M4_pooled,NORM,0,0.9519398722716345,0.004442026960068307,0.9424317687478632,1.184774031563845,0.18477403156384503,0.8007352941176471,1966.7,20,False
georgia,0.05,100,M4_pooled,NORM,1,0.7800813264375948,0.012824198943191086,0.7665015696684394,1.184774031563845,0.18477403156384503,0.8007352941176471,821.3,20,False
georgia,0.05,100,M4_pooled,STTC,0,0.9314864259765994,0.005703640224900093,0.9229567477756415,1.4632352941176472,0.463235294117647,0.8007352941176471,1385.9,20,False
georgia,0.05,100,M4_pooled,STTC,1,0.9087366935451616,0.014250090036354317,0.8821146616541353,1.4632352941176472,0.463235294117647,0.8007352941176471,1402.1,20,False
georgia,0.05,250,M0_source,CD,0,0.8701180632067693,0.005671695424608685,0.8609940038820318,1.3589490674318507,0.3589490674318508,0.8005200860832138,2147.3,20,False
georgia,0.05,250,M0_source,CD,1,0.9666387399883941,0.005616183724309316,0.9593979007174154,1.3589490674318507,0.3589490674318508,0.8005200860832138,640.7,20,False
georgia,0.05,250,M0_source,HYP,0,0.9494149398883606,0.003207730672459006,0.9442101870006434,1.5012374461979914,0.5012374461979914,0.8005200860832138,2157.65,20,False
georgia,0.05,250,M0_source,HYP,1,0.9158798758607777,0.005670654199225575,0.9069257126193774,1.5012374461979914,0.5012374461979914,0.8005200860832138,630.35,20,False
georgia,0.05,250,M0_source,NORM,0,0.95319733085878,0.002308089002394578,0.9495026933125671,1.175735294117647,0.17573529411764705,0.8005200860832138,1966.7,20,False
georgia,0.05,250,M0_source,NORM,1,0.7719359375675803,0.006525646363576273,0.7641158203658204,1.175735294117647,0.17573529411764705,0.8005200860832138,821.3,20,False
georgia,0.05,250,M0_source,STTC,0,0.9319625909571521,0.005008734749798198,0.924748782344472,1.4336262553802008,0.43362625538020083,0.8005200860832138,1385.9,20,False
georgia,0.05,250,M0_source,STTC,1,0.8909816888809127,0.006328957278675691,0.8815665701881331,1.4336262553802008,0.43362625538020083,0.8005200860832138,1402.1,20,False
georgia,0.05,250,M1_target,CD,0,0.9509019003242221,0.02222917101310554,0.9077450868590109,1.4699426111908178,0.46994261119081776,0.8913199426111909,2147.3,20,False
georgia,0.05,250,M1_target,CD,1,0.9609736665213248,0.030195568744385462,0.9154135902890752,1.4699426111908178,0.46994261119081776,0.8913199426111909,640.7,20,False
georgia,0.05,250,M1_target,HYP,0,0.951585423425205,0.016792801556564294,0.9243832114174926,1.6162661406025827,0.6162661406025826,0.8913199426111909,2157.65,20,False
georgia,0.05,250,M1_target,HYP,1,0.9539547940504173,0.03223529275352877,0.9002043644106333,1.6162661406025827,0.6162661406025826,0.8913199426111909,630.35,20,False
georgia,0.05,250,M1_target,NORM,0,0.9550448783244183,0.014180028229708552,0.9330195926886071,1.4900107604017216,0.4900107604017217,0.8913199426111909,1966.7,20,False
georgia,0.05,250,M1_target,NORM,1,0.946530818816522,0.026392170469944642,0.9059690044389583,1.4900107604017216,0.4900107604017217,0.8913199426111909,821.3,20,False
georgia,0.05,250,M1_target,STTC,0,0.9444127822308301,0.019666849964037277,0.912650532248223,1.5970767575322813,0.5970767575322812,0.8913199426111909,1385.9,20,False
georgia,0.05,250,M1_target,STTC,1,0.9573525633114937,0.012517329809249888,0.9395232521388697,1.5970767575322813,0.5970767575322812,0.8913199426111909,1402.1,20,False
georgia,0.05,250,M2_weighted,CD,0,0.9019031073529437,0.009494109546036814,0.8907240837245359,1.3796987087517933,0.3796987087517934,0.7766499282639885,2147.3,20,False
georgia,0.05,250,M2_weighted,CD,1,0.9610923979962459,0.007449155984213944,0.9514794886609851,1.3796987087517933,0.3796987087517934,0.7766499282639885,640.7,20,False
georgia,0.05,250,M2_weighted,HYP,0,0.9535341236000123,0.004916220302478326,0.9468592786978075,1.4200502152080345,0.4200502152080344,0.7766499282639885,2157.65,20,False
georgia,0.05,250,M2_weighted,HYP,1,0.8641159106622585,0.02058425503644721,0.8395316423212588,1.4200502152080345,0.4200502152080344,0.7766499282639885,630.35,20,False
georgia,0.05,250,M2_weighted,NORM,0,0.9060127214883564,0.005451388387357382,0.8959953325625405,1.227367288378766,0.22736728837876616,0.7766499282639885,1966.7,20,False
georgia,0.05,250,M2_weighted,NORM,1,0.8753846350304453,0.011759232826053725,0.8563366851595007,1.227367288378766,0.22736728837876616,0.7766499282639885,821.3,20,False
georgia,0.05,250,M2_weighted,STTC,0,0.9493832644864744,0.004508442187168492,0.9438749781833595,1.422525107604017,0.42252510760401724,0.7766499282639885,1385.9,20,False
georgia,0.05,250,M2_weighted,STTC,1,0.8511151616421475,0.009356411532456107,0.8386529175050301,1.422525107604017,0.42252510760401724,0.7766499282639885,1402.1,20,False
georgia,0.05,250,M3_hybrid,CD,0,0.9509019003242221,0.02222917101310554,0.9077450868590109,1.4699426111908178,0.46994261119081776,0.8913199426111909,2147.3,20,False
georgia,0.05,250,M3_hybrid,CD,1,0.9609736665213248,0.030195568744385462,0.9154135902890752,1.4699426111908178,0.46994261119081776,0.8913199426111909,640.7,20,False
georgia,0.05,250,M3_hybrid,HYP,0,0.951585423425205,0.016792801556564294,0.9243832114174926,1.6162661406025827,0.6162661406025826,0.8913199426111909,2157.65,20,False
georgia,0.05,250,M3_hybrid,HYP,1,0.9539547940504173,0.03223529275352877,0.9002043644106333,1.6162661406025827,0.6162661406025826,0.8913199426111909,630.35,20,False
georgia,0.05,250,M3_hybrid,NORM,0,0.9550448783244183,0.014180028229708552,0.9330195926886071,1.4900107604017216,0.4900107604017217,0.8913199426111909,1966.7,20,False
georgia,0.05,250,M3_hybrid,NORM,1,0.946530818816522,0.026392170469944642,0.9059690044389583,1.4900107604017216,0.4900107604017217,0.8913199426111909,821.3,20,False
georgia,0.05,250,M3_hybrid,STTC,0,0.9444127822308301,0.019666849964037277,0.912650532248223,1.5970767575322813,0.5970767575322812,0.8913199426111909,1385.9,20,False
georgia,0.05,250,M3_hybrid,STTC,1,0.9573525633114937,0.012517329809249888,0.9395232521388697,1.5970767575322813,0.5970767575322812,0.8913199426111909,1402.1,20,False
georgia,0.05,250,M4_pooled,CD,0,0.8995962507050932,0.012634610481002322,0.880061971413889,1.3816714490674318,0.3816714490674319,0.8188486370157818,2147.3,20,False
georgia,0.05,250,M4_pooled,CD,1,0.9632226613581428,0.008270983952749332,0.9518566132216284,1.3816714490674318,0.3816714490674319,0.8188486370157818,640.7,20,False
georgia,0.05,250,M4_pooled,HYP,0,0.9490461632660251,0.004182305993211587,0.9436587231986254,1.511728837876614,0.511728837876614,0.8188486370157818,2157.65,20,False
georgia,0.05,250,M4_pooled,HYP,1,0.9208990237489623,0.018453951250650157,0.895614992429957,1.511728837876614,0.511728837876614,0.8188486370157818,630.35,20,False
georgia,0.05,250,M4_pooled,NORM,0,0.9518001397787321,0.005791859713240645,0.9424317687478632,1.2119978479196558,0.21199784791965567,0.8188486370157818,1966.7,20,False
georgia,0.05,250,M4_pooled,NORM,1,0.8045305982546076,0.018851337090004302,0.7786128148597585,1.2119978479196558,0.21199784791965567,0.8188486370157818,821.3,20,False
georgia,0.05,250,M4_pooled,STTC,0,0.9315763195807285,0.006666599956171099,0.9209692166380153,1.4866750358680059,0.48667503586800576,0.8188486370157818,1385.9,20,False
georgia,0.05,250,M4_pooled,STTC,1,0.921734624357472,0.014569562839337248,0.9036680311092918,1.4866750358680059,0.48667503586800576,0.8188486370157818,1402.1,20,False
georgia,0.05,500,M0_source,CD,0,0.8701180632067693,0.005671695424608685,0.8609940038820318,1.3589490674318507,0.3589490674318508,0.8005200860832138,2147.3,20,False
georgia,0.05,500,M0_source,CD,1,0.9666387399883941,0.005616183724309316,0.9593979007174154,1.3589490674318507,0.3589490674318508,0.8005200860832138,640.7,20,False
georgia,0.05,500,M0_source,HYP,0,0.9494149398883606,0.003207730672459006,0.9442101870006434,1.5012374461979914,0.5012374461979914,0.8005200860832138,2157.65,20,False
georgia,0.05,500,M0_source,HYP,1,0.9158798758607777,0.005670654199225575,0.9069257126193774,1.5012374461979914,0.5012374461979914,0.8005200860832138,630.35,20,False
georgia,0.05,500,M0_source,NORM,0,0.95319733085878,0.002308089002394578,0.9495026933125671,1.175735294117647,0.17573529411764705,0.8005200860832138,1966.7,20,False
georgia,0.05,500,M0_source,NORM,1,0.7719359375675803,0.006525646363576273,0.7641158203658204,1.175735294117647,0.17573529411764705,0.8005200860832138,821.3,20,False
georgia,0.05,500,M0_source,STTC,0,0.9319625909571521,0.005008734749798198,0.924748782344472,1.4336262553802008,0.43362625538020083,0.8005200860832138,1385.9,20,False
georgia,0.05,500,M0_source,STTC,1,0.8909816888809127,0.006328957278675691,0.8815665701881331,1.4336262553802008,0.43362625538020083,0.8005200860832138,1402.1,20,False
georgia,0.05,500,M1_target,CD,0,0.9499163892884205,0.01896137793790054,0.9110231575967063,1.4432209469153514,0.44322094691535147,0.8812230989956958,2147.3,20,False
georgia,0.05,500,M1_target,CD,1,0.9588105771455965,0.02120946042749525,0.9301128542337402,1.4432209469153514,0.44322094691535147,0.8812230989956958,640.7,20,False
georgia,0.05,500,M1_target,HYP,0,0.9531923662777535,0.01481991447459735,0.9243386338346675,1.6109935437589669,0.6109935437589671,0.8812230989956958,2157.65,20,False
georgia,0.05,500,M1_target,HYP,1,0.9551904998939804,0.018990147643825134,0.9271980066445183,1.6109935437589669,0.6109935437589671,0.8812230989956958,630.35,20,False
georgia,0.05,500,M1_target,NORM,0,0.9535140634739335,0.007684338266828659,0.9371530984153418,1.4775286944045911,0.4775286944045911,0.8812230989956958,1966.7,20,False
georgia,0.05,500,M1_target,NORM,1,0.9465426891447949,0.021985574993015393,0.9107621154951473,1.4775286944045911,0.4775286944045911,0.8812230989956958,821.3,20,False
georgia,0.05,500,M1_target,STTC,0,0.9468522854709895,0.017718840621735687,0.9179597701149426,1.587087517934003,0.5870875179340029,0.8812230989956958,1385.9,20,False
georgia,0.05,500,M1_target,STTC,1,0.9518108993974297,0.012967827423698274,0.9290525022404225,1.587087517934003,0.5870875179340029,0.8812230989956958,1402.1,20,False
georgia,0.05,500,M2_weighted,CD,0,0.9019031073529437,0.009494109546036814,0.8907240837245359,1.3796987087517933,0.3796987087517934,0.7766499282639885,2147.3,20,False
georgia,0.05,500,M2_weighted,CD,1,0.9610923979962459,0.007449155984213944,0.9514794886609851,1.3796987087517933,0.3796987087517934,0.7766499282639885,640.7,20,False
georgia,0.05,500,M2_weighted,HYP,0,0.9535341236000123,0.004916220302478326,0.9468592786978075,1.4200502152080345,0.4200502152080344,0.7766499282639885,2157.65,20,False
georgia,0.05,500,M2_weighted,HYP,1,0.8641159106622585,0.02058425503644721,0.8395316423212588,1.4200502152080345,0.4200502152080344,0.7766499282639885,630.35,20,False
georgia,0.05,500,M2_weighted,NORM,0,0.9060127214883564,0.005451388387357382,0.8959953325625405,1.227367288378766,0.22736728837876616,0.7766499282639885,1966.7,20,False
georgia,0.05,500,M2_weighted,NORM,1,0.8753846350304453,0.011759232826053725,0.8563366851595007,1.227367288378766,0.22736728837876616,0.7766499282639885,821.3,20,False
georgia,0.05,500,M2_weighted,STTC,0,0.9493832644864744,0.004508442187168492,0.9438749781833595,1.422525107604017,0.42252510760401724,0.7766499282639885,1385.9,20,False
georgia,0.05,500,M2_weighted,STTC,1,0.8511151616421475,0.009356411532456107,0.8386529175050301,1.422525107604017,0.42252510760401724,0.7766499282639885,1402.1,20,False
georgia,0.05,500,M3_hybrid,CD,0,0.9499163892884205,0.01896137793790054,0.9110231575967063,1.4432209469153514,0.44322094691535147,0.8812230989956958,2147.3,20,False
georgia,0.05,500,M3_hybrid,CD,1,0.9588105771455965,0.02120946042749525,0.9301128542337402,1.4432209469153514,0.44322094691535147,0.8812230989956958,640.7,20,False
georgia,0.05,500,M3_hybrid,HYP,0,0.9531923662777535,0.01481991447459735,0.9243386338346675,1.6109935437589669,0.6109935437589671,0.8812230989956958,2157.65,20,False
georgia,0.05,500,M3_hybrid,HYP,1,0.9551904998939804,0.018990147643825134,0.9271980066445183,1.6109935437589669,0.6109935437589671,0.8812230989956958,630.35,20,False
georgia,0.05,500,M3_hybrid,NORM,0,0.9535140634739335,0.007684338266828659,0.9371530984153418,1.4775286944045911,0.4775286944045911,0.8812230989956958,1966.7,20,False
georgia,0.05,500,M3_hybrid,NORM,1,0.9465426891447949,0.021985574993015393,0.9107621154951473,1.4775286944045911,0.4775286944045911,0.8812230989956958,821.3,20,False
georgia,0.05,500,M3_hybrid,STTC,0,0.9468522854709895,0.017718840621735687,0.9179597701149426,1.587087517934003,0.5870875179340029,0.8812230989956958,1385.9,20,False
georgia,0.05,500,M3_hybrid,STTC,1,0.9518108993974297,0.012967827423698274,0.9290525022404225,1.587087517934003,0.5870875179340029,0.8812230989956958,1402.1,20,False
georgia,0.05,500,M4_pooled,CD,0,0.9105234841985268,0.012161882860418914,0.8853053278867008,1.3947632711621234,0.3947632711621234,0.8343615494978479,2147.3,20,False
georgia,0.05,500,M4_pooled,CD,1,0.963363165993081,0.008502741534223366,0.9536258111097741,1.3947632711621234,0.3947632711621234,0.8343615494978479,640.7,20,False
georgia,0.05,500,M4_pooled,HYP,0,0.9499712129692336,0.004491617654881524,0.9435964795801727,1.539167862266858,0.539167862266858,0.8343615494978479,2157.65,20,False
georgia,0.05,500,M4_pooled,HYP,1,0.9313690274393401,0.019791412955300045,0.8991121322455655,1.539167862266858,0.539167862266858,0.8343615494978479,630.35,20,False
georgia,0.05,500,M4_pooled,NORM,0,0.9518973291774333,0.004824950381516753,0.9436711753307936,1.2591463414634148,0.25914634146341464,0.8343615494978479,1966.7,20,False
georgia,0.05,500,M4_pooled,NORM,1,0.848313225899405,0.02250311070545882,0.8125350091498618,1.2591463414634148,0.25914634146341464,0.8343615494978479,821.3,20,False
georgia,0.05,500,M4_pooled,STTC,0,0.933529859259038,0.00842268566036618,0.9209093339825382,1.5078012912482066,0.5078012912482066,0.8343615494978479,1385.9,20,False
georgia,0.05,500,M4_pooled,STTC,1,0.9307951194649741,0.012913513949908119,0.9118786092904191,1.5078012912482066,0.5078012912482066,0.8343615494978479,1402.1,20,False
georgia,0.05,1000,M0_source,CD,0,0.8701180632067693,0.005671695424608685,0.8609940038820318,1.3589490674318507,0.3589490674318508,0.8005200860832138,2147.3,20,False
georgia,0.05,1000,M0_source,CD,1,0.9666387399883941,0.005616183724309316,0.9593979007174154,1.3589490674318507,0.3589490674318508,0.8005200860832138,640.7,20,False
georgia,0.05,1000,M0_source,HYP,0,0.9494149398883606,0.003207730672459006,0.9442101870006434,1.5012374461979914,0.5012374461979914,0.8005200860832138,2157.65,20,False
georgia,0.05,1000,M0_source,HYP,1,0.9158798758607777,0.005670654199225575,0.9069257126193774,1.5012374461979914,0.5012374461979914,0.8005200860832138,630.35,20,False
georgia,0.05,1000,M0_source,NORM,0,0.95319733085878,0.002308089002394578,0.9495026933125671,1.175735294117647,0.17573529411764705,0.8005200860832138,1966.7,20,False
georgia,0.05,1000,M0_source,NORM,1,0.7719359375675803,0.006525646363576273,0.7641158203658204,1.175735294117647,0.17573529411764705,0.8005200860832138,821.3,20,False
georgia,0.05,1000,M0_source,STTC,0,0.9319625909571521,0.005008734749798198,0.924748782344472,1.4336262553802008,0.43362625538020083,0.8005200860832138,1385.9,20,False
georgia,0.05,1000,M0_source,STTC,1,0.8909816888809127,0.006328957278675691,0.8815665701881331,1.4336262553802008,0.43362625538020083,0.8005200860832138,1402.1,20,False
georgia,0.05,1000,M1_target,CD,0,0.9503001200985534,0.009488436671227089,0.9314094430528302,1.4203909612625538,0.4203909612625538,0.8721664275466283,2147.3,20,False
georgia,0.05,1000,M1_target,CD,1,0.9562627175400978,0.01679553646407951,0.9342718925088193,1.4203909612625538,0.4203909612625538,0.8721664275466283,640.7,20,False
georgia,0.05,1000,M1_target,HYP,0,0.9530631495900463,0.009231774878975486,0.9414469788384617,1.5902080344332856,0.5902080344332855,0.8721664275466283,2157.65,20,False
georgia,0.05,1000,M1_target,HYP,1,0.9486023550483761,0.017917158205294714,0.9232112999233433,1.5902080344332856,0.5902080344332855,0.8721664275466283,630.35,20,False
georgia,0.05,1000,M1_target,NORM,0,0.9488702924824333,0.008898216327266553,0.9336051692903197,1.4611728837876614,0.46117288378766136,0.8721664275466283,1966.7,20,False
georgia,0.05,1000,M1_target,NORM,1,0.9451824786305622,0.01603248949953024,0.9178890885580908,1.4611728837876614,0.46117288378766136,0.8721664275466283,821.3,20,False
georgia,0.05,1000,M1_target,STTC,0,0.948630394537688,0.012002996334046208,0.9326149425287357,1.5822812051649928,0.5822812051649928,0.8721664275466283,1385.9,20,False
georgia,0.05,1000,M1_target,STTC,1,0.9496180841512395,0.010329653818385198,0.9340255832992223,1.5822812051649928,0.5822812051649928,0.8721664275466283,1402.1,20,False
georgia,0.05,1000,M2_weighted,CD,0,0.9019031073529437,0.009494109546036814,0.8907240837245359,1.3796987087517933,0.3796987087517934,0.7766499282639885,2147.3,20,False
georgia,0.05,1000,M2_weighted,CD,1,0.9610923979962459,0.007449155984213944,0.9514794886609851,1.3796987087517933,0.3796987087517934,0.7766499282639885,640.7,20,False
georgia,0.05,1000,M2_weighted,HYP,0,0.9535341236000123,0.004916220302478326,0.9468592786978075,1.4200502152080345,0.4200502152080344,0.7766499282639885,2157.65,20,False
georgia,0.05,1000,M2_weighted,HYP,1,0.8641159106622585,0.02058425503644721,0.8395316423212588,1.4200502152080345,0.4200502152080344,0.7766499282639885,630.35,20,False
georgia,0.05,1000,M2_weighted,NORM,0,0.9060127214883564,0.005451388387357382,0.8959953325625405,1.227367288378766,0.22736728837876616,0.7766499282639885,1966.7,20,False
georgia,0.05,1000,M2_weighted,NORM,1,0.8753846350304453,0.011759232826053725,0.8563366851595007,1.227367288378766,0.22736728837876616,0.7766499282639885,821.3,20,False
georgia,0.05,1000,M2_weighted,STTC,0,0.9493832644864744,0.004508442187168492,0.9438749781833595,1.422525107604017,0.42252510760401724,0.7766499282639885,1385.9,20,False
georgia,0.05,1000,M2_weighted,STTC,1,0.8511151616421475,0.009356411532456107,0.8386529175050301,1.422525107604017,0.42252510760401724,0.7766499282639885,1402.1,20,False
georgia,0.05,1000,M3_hybrid,CD,0,0.9503001200985534,0.009488436671227089,0.9314094430528302,1.4203909612625538,0.4203909612625538,0.8721664275466283,2147.3,20,False
georgia,0.05,1000,M3_hybrid,CD,1,0.9562627175400978,0.01679553646407951,0.9342718925088193,1.4203909612625538,0.4203909612625538,0.8721664275466283,640.7,20,False
georgia,0.05,1000,M3_hybrid,HYP,0,0.9530631495900463,0.009231774878975486,0.9414469788384617,1.5902080344332856,0.5902080344332855,0.8721664275466283,2157.65,20,False
georgia,0.05,1000,M3_hybrid,HYP,1,0.9486023550483761,0.017917158205294714,0.9232112999233433,1.5902080344332856,0.5902080344332855,0.8721664275466283,630.35,20,False
georgia,0.05,1000,M3_hybrid,NORM,0,0.9488702924824333,0.008898216327266553,0.9336051692903197,1.4611728837876614,0.46117288378766136,0.8721664275466283,1966.7,20,False
georgia,0.05,1000,M3_hybrid,NORM,1,0.9451824786305622,0.01603248949953024,0.9178890885580908,1.4611728837876614,0.46117288378766136,0.8721664275466283,821.3,20,False
georgia,0.05,1000,M3_hybrid,STTC,0,0.948630394537688,0.012002996334046208,0.9326149425287357,1.5822812051649928,0.5822812051649928,0.8721664275466283,1385.9,20,False
georgia,0.05,1000,M3_hybrid,STTC,1,0.9496180841512395,0.010329653818385198,0.9340255832992223,1.5822812051649928,0.5822812051649928,0.8721664275466283,1402.1,20,False
georgia,0.05,1000,M4_pooled,CD,0,0.9216709294547971,0.010898603310636518,0.9031214561322521,1.3937589670014348,0.3937589670014347,0.8436513629842182,2147.3,20,False
georgia,0.05,1000,M4_pooled,CD,1,0.9598760583583171,0.01031601535082966,0.9447673979890207,1.3937589670014348,0.3937589670014347,0.8436513629842182,640.7,20,False
georgia,0.05,1000,M4_pooled,HYP,0,0.9499039934697434,0.0047044639048677995,0.9423208649349728,1.5533536585365852,0.5533536585365854,0.8436513629842182,2157.65,20,False
georgia,0.05,1000,M4_pooled,HYP,1,0.9377973529017432,0.017030592009545643,0.9129893109923443,1.5533536585365852,0.5533536585365854,0.8436513629842182,630.35,20,False
georgia,0.05,1000,M4_pooled,NORM,0,0.9497357383132659,0.006252357606978957,0.9407918231466218,1.3084648493543758,0.3084648493543759,0.8436513629842182,1966.7,20,False
georgia,0.05,1000,M4_pooled,NORM,1,0.8854708838069024,0.018349400008273706,0.8558213994644313,1.3084648493543758,0.3084648493543759,0.8436513629842182,821.3,20,False
georgia,0.05,1000,M4_pooled,STTC,0,0.9351112686574913,0.008215342641293217,0.9237225916000943,1.5203550932568148,0.5203550932568148,0.8436513629842182,1385.9,20,False
georgia,0.05,1000,M4_pooled,STTC,1,0.9359657380536305,0.01106443798488062,0.9190592509209987,1.5203550932568148,0.5203550932568148,0.8436513629842182,1402.1,20,False
georgia,0.1,100,M0_source,CD,0,0.795066220914405,0.006369159362662838,0.7851271518768266,1.1205882352941177,0.12058823529411763,0.4370157819225251,2147.3,20,False
georgia,0.1,100,M0_source,CD,1,0.9118286627893945,0.01046781102650119,0.8972133949636477,1.1205882352941177,0.12058823529411763,0.4370157819225251,640.7,20,False
georgia,0.1,100,M0_source,HYP,0,0.9039969048365633,0.004302885948491025,0.8973904907476996,1.2440817790530847,0.24408177905308465,0.4370157819225251,2157.65,20,False
georgia,0.1,100,M0_source,HYP,1,0.7947764356379239,0.010198737774176396,0.7804554125918595,1.2440817790530847,0.24408177905308465,0.4370157819225251,630.35,20,False
georgia,0.1,100,M0_source,NORM,0,0.904114574836005,0.004068296964354501,0.8959953325625405,1.0428443328550931,0.04284433285509326,0.4370157819225251,1966.7,20,False
georgia,0.1,100,M0_source,NORM,1,0.7009175071206545,0.0067262986159815,0.6917334595657849,1.0428443328550931,0.04284433285509326,0.4370157819225251,821.3,20,False
georgia,0.1,100,M0_source,STTC,0,0.8425302634938522,0.006395910464959221,0.8332974137931035,1.1258787661406024,0.1258787661406026,0.4370157819225251,1385.9,20,False
georgia,0.1,100,M0_source,STTC,1,0.7726046062653631,0.006714862795604695,0.7612414746357803,1.1258787661406024,0.1258787661406026,0.4370157819225251,1402.1,20,False
georgia,0.1,100,M1_target,CD,0,0.9076446809460093,0.036531643503067174,0.8536044871151892,1.3229555236728838,0.32295552367288377,0.7999461979913918,2147.3,20,False
georgia,0.1,100,M1_target,CD,1,0.9255055672769895,0.05553956644932117,0.8360901997012344,1.3229555236728838,0.32295552367288377,0.7999461979913918,640.7,20,False
georgia,0.1,100,M1_target,HYP,0,0.9049638519990229,0.030393718787769038,0.8468237702724746,1.4110473457675752,0.4110473457675753,0.7999461979913918,2157.65,20,False
georgia,0.1,100,M1_target,HYP,1,0.8898430002125688,0.06851487064172204,0.8032604329937304,1.4110473457675752,0.4110473457675753,0.7999461979913918,630.35,20,False
georgia,0.1,100,M1_target,NORM,0,0.9118756437171907,0.03690952316047739,0.8535553185812915,1.323654949784792,0.3236549497847919,0.7999461979913918,1966.7,20,False
georgia,0.1,100,M1_target,NORM,1,0.9084735030000735,0.047888759791670975,0.8345356404252732,1.323654949784792,0.3236549497847919,0.7999461979913918,821.3,20,False
georgia,0.1,100,M1_target,STTC,0,0.9104731023601987,0.04356290925289638,0.8608724892395984,1.460706599713056,0.460706599713056,0.7999461979913918,1385.9,20,False
georgia,0.1,100,M1_target,STTC,1,0.9225005815797974,0.041226571433971175,0.865562030075188,1.460706599713056,0.460706599713056,0.7999461979913918,1402.1,20,False
georgia,0.1,100,M2_weighted,CD,0,0.8235600881356818,0.013644133284302813,0.8037835570102221,1.0998027259684362,0.09980272596843616,0.5018113342898134,2147.3,20,False
georgia,0.1,100,M2_weighted,CD,1,0.8866941782844332,0.01819746461161068,0.8611142808994174,1.0998027259684362,0.09980272596843616,0.5018113342898134,640.7,20,False
georgia,0.1,100,M2_weighted,HYP,0,0.9111717485577395,0.006438468604113272,0.9022236376286655,1.214580344332855,0.2145803443328551,0.5018113342898134,2157.65,20,False
georgia,0.1,100,M2_weighted,HYP,1,0.7610084334787183,0.018368119556532652,0.7356789036745542,1.214580344332855,0.2145803443328551,0.5018113342898134,630.35,20,False
georgia,0.1,100,M2_weighted,NORM,0,0.8655618197862947,0.00937001217709334,0.8481827175247643,1.0571736011477761,0.057173601147776185,0.5018113342898134,1966.7,20,False
georgia,0.1,100,M2_weighted,NORM,1,0.7747716612415245,0.008554353340683264,0.7619363943840183,1.0571736011477761,0.057173601147776185,0.5018113342898134,821.3,20,False
georgia,0.1,100,M2_weighted,STTC,0,0.9317737417617667,0.005363188664350333,0.9218911616338319,1.2743364418938308,0.27433644189383066,0.5018113342898134,1385.9,20,False
georgia,0.1,100,M2_weighted,STTC,1,0.7533394892159228,0.008873801726483851,0.7397333427499092,1.2743364418938308,0.27433644189383066,0.5018113342898134,1402.1,20,False
georgia,0.1,100,M3_hybrid,CD,0,0.9076446809460093,0.036531643503067174,0.8536044871151892,1.2666068866571019,0.26660688665710186,0.7581420373027259,2147.3,20,False
georgia,0.1,100,M3_hybrid,CD,1,0.909120145535006,0.052354744839657394,0.8360901997012344,1.2666068866571019,0.26660688665710186,0.7581420373027259,640.7,20,False
georgia,0.1,100,M3_hybrid,HYP,0,0.9049638519990229,0.030393718787769038,0.8468237702724746,1.328425394548063,0.32842539454806313,0.7581420373027259,2157.65,20,False
georgia,0.1,100,M3_hybrid,HYP,1,0.8388222397740703,0.0849702272324565,0.7339234110983103,1.328425394548063,0.32842539454806313,0.7581420373027259,630.35,20,False
georgia,0.1,100,M3_hybrid,NORM,0,0.9118756437171907,0.03690952316047739,0.8535553185812915,1.323654949784792,0.3236549497847919,0.7581420373027259,1966.7,20,False
georgia,0.1,100,M3_hybrid,NORM,1,0.9084735030000735,0.047888759791670975,0.8345356404252732,1.323654949784792,0.3236549497847919,0.7581420373027259,821.3,20,False
georgia,0.1,100,M3_hybrid,STTC,0,0.9104731023601987,0.04356290925289638,0.8608724892395984,1.460706599713056,0.460706599713056,0.7581420373027259,1385.9,20,False
georgia,0.1,100,M3_hybrid,STTC,1,0.9225005815797974,0.041226571433971175,0.865562030075188,1.460706599713056,0.460706599713056,0.7581420373027259,1402.1,20,False
georgia,0.1,100,M4_pooled,CD,0,0.8058452324564988,0.008134089284612083,0.7958148652023608,1.1283536585365854,0.12835365853658537,0.48029053084648493,2147.3,20,False
georgia,0.1,100,M4_pooled,CD,1,0.9090279113669089,0.014964668733559179,0.8867802828569737,1.1283536585365854,0.12835365853658537,0.48029053084648493,640.7,20,False
georgia,0.1,100,M4_pooled,HYP,0,0.9021655922613847,0.005636524221274493,0.8945825439800789,1.248780487804878,0.24878048780487805,0.48029053084648493,2157.65,20,False
georgia,0.1,100,M4_pooled,HYP,1,0.8002537254582336,0.014727483753980744,0.7805356694136893,1.248780487804878,0.24878048780487805,0.48029053084648493,630.35,20,False
georgia,0.1,100,M4_pooled,NORM,0,0.904597327605446,0.005950000339456449,0.8949812095719923,1.0558285509325682,0.05582855093256815,0.48029053084648493,1966.7,20,False
georgia,0.1,100,M4_pooled,NORM,1,0.7166010241607393,0.01057279443865412,0.701461483252876,1.0558285509325682,0.05582855093256815,0.48029053084648493,821.3,20,False
georgia,0.1,100,M4_pooled,STTC,0,0.8468658747279332,0.0064262715782925405,0.8385203107837539,1.1857424677187949,0.18574246771879482,0.48029053084648493,1385.9,20,False
georgia,0.1,100,M4_pooled,STTC,1,0.8226637014133313,0.013418043050421545,0.7994007936507936,1.1857424677187949,0.18574246771879482,0.48029053084648493,1402.1,20,False
georgia,0.1,250,M0_source,CD,0,0.795066220914405,0.006369159362662838,0.7851271518768266,1.1205882352941177,0.12058823529411763,0.4370157819225251,2147.3,20,False
georgia,0.1,250,M0_source,CD,1,0.9118286627893945,0.01046781102650119,0.8972133949636477,1.1205882352941177,0.12058823529411763,0.4370157819225251,640.7,20,False
georgia,0.1,250,M0_source,HYP,0,0.9039969048365633,0.004302885948491025,0.8973904907476996,1.2440817790530847,0.24408177905308465,0.4370157819225251,2157.65,20,False
georgia,0.1,250,M0_source,HYP,1,0.7947764356379239,0.010198737774176396,0.7804554125918595,1.2440817790530847,0.24408177905308465,0.4370157819225251,630.35,20,False
georgia,0.1,250,M0_source,NORM,0,0.904114574836005,0.004068296964354501,0.8959953325625405,1.0428443328550931,0.04284433285509326,0.4370157819225251,1966.7,20,False
georgia,0.1,250,M0_source,NORM,1,0.7009175071206545,0.0067262986159815,0.6917334595657849,1.0428443328550931,0.04284433285509326,0.4370157819225251,821.3,20,False
georgia,0.1,250,M0_source,STTC,0,0.8425302634938522,0.006395910464959221,0.8332974137931035,1.1258787661406024,0.1258787661406026,0.4370157819225251,1385.9,20,False
georgia,0.1,250,M0_source,STTC,1,0.7726046062653631,0.006714862795604695,0.7612414746357803,1.1258787661406024,0.1258787661406026,0.4370157819225251,1402.1,20,False
georgia,0.1,250,M1_target,CD,0,0.9037713881944015,0.028879622671962552,0.8601155498580204,1.2578909612625537,0.25789096126255384,0.7451219512195122,2147.3,20,False
georgia,0.1,250,M1_target,CD,1,0.9123675897504253,0.044351335066417,0.82847340097672,1.2578909612625537,0.25789096126255384,0.7451219512195122,640.7,20,False
georgia,0.1,250,M1_target,HYP,0,0.905210319954539,0.022741665807405487,0.8770706573578563,1.4021341463414634,0.40213414634146344,0.7451219512195122,2157.65,20,False
georgia,0.1,250,M1_target,HYP,1,0.8963160608622541,0.02844670656580862,0.8625120737053272,1.4021341463414634,0.40213414634146344,0.7451219512195122,630.35,20,False
georgia,0.1,250,M1_target,NORM,0,0.9053446765434515,0.025672133020627538,0.8581086440348381,1.259325681492109,0.25932568149210905,0.7451219512195122,1966.7,20,False
georgia,0.1,250,M1_target,NORM,1,0.8875800110323084,0.04513755130527999,0.8002678162974094,1.259325681492109,0.25932568149210905,0.7451219512195122,821.3,20,False
georgia,0.1,250,M1_target,STTC,0,0.8955487883488897,0.027339531140702436,0.8527739963841379,1.3865315638450502,0.3865315638450502,0.7451219512195122,1385.9,20,False
georgia,0.1,250,M1_target,STTC,1,0.9059729044196356,0.028475640820347863,0.8600106945397312,1.3865315638450502,0.3865315638450502,0.7451219512195122,1402.1,20,False
georgia,0.1,250,M2_weighted,CD,0,0.8235600881356818,0.013644133284302813,0.8037835570102221,1.0998027259684362,0.09980272596843616,0.5018113342898134,2147.3,20,False
georgia,0.1,250,M2_weighted,CD,1,0.8866941782844332,0.01819746461161068,0.8611142808994174,1.0998027259684362,0.09980272596843616,0.5018113342898134,640.7,20,False
georgia,0.1,250,M2_weighted,HYP,0,0.9111717485577395,0.006438468604113272,0.9022236376286655,1.214580344332855,0.2145803443328551,0.5018113342898134,2157.65,20,False
georgia,0.1,250,M2_weighted,HYP,1,0.7610084334787183,0.018368119556532652,0.7356789036745542,1.214580344332855,0.2145803443328551,0.5018113342898134,630.35,20,False
georgia,0.1,250,M2_weighted,NORM,0,0.8655618197862947,0.00937001217709334,0.8481827175247643,1.0571736011477761,0.057173601147776185,0.5018113342898134,1966.7,20,False
georgia,0.1,250,M2_weighted,NORM,1,0.7747716612415245,0.008554353340683264,0.7619363943840183,1.0571736011477761,0.057173601147776185,0.5018113342898134,821.3,20,False
georgia,0.1,250,M2_weighted,STTC,0,0.9317737417617667,0.005363188664350333,0.9218911616338319,1.2743364418938308,0.27433644189383066,0.5018113342898134,1385.9,20,False
georgia,0.1,250,M2_weighted,STTC,1,0.7533394892159228,0.008873801726483851,0.7397333427499092,1.2743364418938308,0.27433644189383066,0.5018113342898134,1402.1,20,False
georgia,0.1,250,M3_hybrid,CD,0,0.9037713881944015,0.028879622671962552,0.8601155498580204,1.2578909612625537,0.25789096126255384,0.7451219512195122,2147.3,20,False
georgia,0.1,250,M3_hybrid,CD,1,0.9123675897504253,0.044351335066417,0.82847340097672,1.2578909612625537,0.25789096126255384,0.7451219512195122,640.7,20,False
georgia,0.1,250,M3_hybrid,HYP,0,0.905210319954539,0.022741665807405487,0.8770706573578563,1.4021341463414634,0.40213414634146344,0.7451219512195122,2157.65,20,False
georgia,0.1,250,M3_hybrid,HYP,1,0.8963160608622541,0.02844670656580862,0.8625120737053272,1.4021341463414634,0.40213414634146344,0.7451219512195122,630.35,20,False
georgia,0.1,250,M3_hybrid,NORM,0,0.9053446765434515,0.025672133020627538,0.8581086440348381,1.259325681492109,0.25932568149210905,0.7451219512195122,1966.7,20,False
georgia,0.1,250,M3_hybrid,NORM,1,0.8875800110323084,0.04513755130527999,0.8002678162974094,1.259325681492109,0.25932568149210905,0.7451219512195122,821.3,20,False
georgia,0.1,250,M3_hybrid,STTC,0,0.8955487883488897,0.027339531140702436,0.8527739963841379,1.3865315638450502,0.3865315638450502,0.7451219512195122,1385.9,20,False
georgia,0.1,250,M3_hybrid,STTC,1,0.9059729044196356,0.028475640820347863,0.8600106945397312,1.3865315638450502,0.3865315638450502,0.7451219512195122,1402.1,20,False
georgia,0.1,250,M4_pooled,CD,0,0.8201864769454247,0.013924521833078336,0.7980374267274042,1.140477044476327,0.1404770444763271,0.525286944045911,2147.3,20,False
georgia,0.1,250,M4_pooled,CD,1,0.9075596655454212,0.018471110165330058,0.8786020103361624,1.140477044476327,0.1404770444763271,0.525286944045911,640.7,20,False
georgia,0.1,250,M4_pooled,HYP,0,0.9023830415267181,0.006281060293235968,0.8932888237763469,1.273134863701578,0.2731348637015782,0.525286944045911,2157.65,20,False
georgia,0.1,250,M4_pooled,HYP,1,0.8194839098037022,0.020791704610641386,0.7877021008810146,1.273134863701578,0.2731348637015782,0.525286944045911,630.35,20,False
georgia,0.1,250,M4_pooled,NORM,0,0.9037891528275246,0.006258549832479001,0.8930591053737121,1.0720408895265423,0.07204088952654233,0.525286944045911,1966.7,20,False
georgia,0.1,250,M4_pooled,NORM,1,0.7393690216563307,0.016644649132908203,0.7162763529585557,1.0720408895265423,0.07204088952654233,0.525286944045911,821.3,20,False
georgia,0.1,250,M4_pooled,STTC,0,0.8488600293288278,0.006501290694717403,0.8384672958124462,1.2161944045911048,0.21619440459110476,0.525286944045911,1385.9,20,False
georgia,0.1,250,M4_pooled,STTC,1,0.8463703302035359,0.022441113806803484,0.8178784622731614,1.2161944045911048,0.21619440459110476,0.525286944045911,1402.1,20,False
georgia,0.1,500,M0_source,CD,0,0.795066220914405,0.006369159362662838,0.7851271518768266,1.1205882352941177,0.12058823529411763,0.4370157819225251,2147.3,20,False
georgia,0.1,500,M0_source,CD,1,0.9118286627893945,0.01046781102650119,0.8972133949636477,1.1205882352941177,0.12058823529411763,0.4370157819225251,640.7,20,False
georgia,0.1,500,M0_source,HYP,0,0.9039969048365633,0.004302885948491025,0.8973904907476996,1.2440817790530847,0.24408177905308465,0.4370157819225251,2157.65,20,False
georgia,0.1,500,M0_source,HYP,1,0.7947764356379239,0.010198737774176396,0.7804554125918595,1.2440817790530847,0.24408177905308465,0.4370157819225251,630.35,20,False
georgia,0.1,500,M0_source,NORM,0,0.904114574836005,0.004068296964354501,0.8959953325625405,1.0428443328550931,0.04284433285509326,0.4370157819225251,1966.7,20,False
georgia,0.1,500,M0_source,NORM,1,0.7009175071206545,0.0067262986159815,0.6917334595657849,1.0428443328550931,0.04284433285509326,0.4370157819225251,821.3,20,False
georgia,0.1,500,M0_source,STTC,0,0.8425302634938522,0.006395910464959221,0.8332974137931035,1.1258787661406024,0.1258787661406026,0.4370157819225251,1385.9,20,False
georgia,0.1,500,M0_source,STTC,1,0.7726046062653631,0.006714862795604695,0.7612414746357803,1.1258787661406024,0.1258787661406026,0.4370157819225251,1402.1,20,False
georgia,0.1,500,M1_target,CD,0,0.9020005441568102,0.02063306007940513,0.869341504733867,1.2456958393113342,0.2456958393113343,0.7430416068866571,2147.3,20,False
georgia,0.1,500,M1_target,CD,1,0.9114125248275389,0.02870619038536351,0.876881719206835,1.2456958393113342,0.2456958393113343,0.7430416068866571,640.7,20,False
georgia,0.1,500,M1_target,HYP,0,0.9043834793432259,0.01664174880255222,0.8752505281699169,1.4086441893830703,0.40864418938307023,0.7430416068866571,2157.65,20,False
georgia,0.1,500,M1_target,HYP,1,0.9002916996528791,0.02554067913709158,0.8618724423837713,1.4086441893830703,0.40864418938307023,0.7430416068866571,630.35,20,False
georgia,0.1,500,M1_target,NORM,0,0.903365680334594,0.01380757092452506,0.8856051826143213,1.2532460545193689,0.25324605451936877,0.7430416068866571,1966.7,20,False
georgia,0.1,500,M1_target,NORM,1,0.8937852078676878,0.02340803714287292,0.8526579820861685,1.2532460545193689,0.25324605451936877,0.7430416068866571,821.3,20,False
georgia,0.1,500,M1_target,STTC,0,0.9008913703987311,0.01991831071320673,0.8738887202525497,1.3910509325681493,0.3910509325681492,0.7430416068866571,1385.9,20,False
georgia,0.1,500,M1_target,STTC,1,0.9048665052323133,0.023679491291397507,0.8700983463560863,1.3910509325681493,0.3910509325681492,0.7430416068866571,1402.1,20,False
georgia,0.1,500,M2_weighted,CD,0,0.8235600881356818,0.013644133284302813,0.8037835570102221,1.0998027259684362,0.09980272596843616,0.5018113342898134,2147.3,20,False
georgia,0.1,500,M2_weighted,CD,1,0.8866941782844332,0.01819746461161068,0.8611142808994174,1.0998027259684362,0.09980272596843616,0.5018113342898134,640.7,20,False
georgia,0.1,500,M2_weighted,HYP,0,0.9111717485577395,0.006438468604113272,0.9022236376286655,1.214580344332855,0.2145803443328551,0.5018113342898134,2157.65,20,False
georgia,0.1,500,M2_weighted,HYP,1,0.7610084334787183,0.018368119556532652,0.7356789036745542,1.214580344332855,0.2145803443328551,0.5018113342898134,630.35,20,False
georgia,0.1,500,M2_weighted,NORM,0,0.8655618197862947,0.00937001217709334,0.8481827175247643,1.0571736011477761,0.057173601147776185,0.5018113342898134,1966.7,20,False
georgia,0.1,500,M2_weighted,NORM,1,0.7747716612415245,0.008554353340683264,0.7619363943840183,1.0571736011477761,0.057173601147776185,0.5018113342898134,821.3,20,False
georgia,0.1,500,M2_weighted,STTC,0,0.9317737417617667,0.005363188664350333,0.9218911616338319,1.2743364418938308,0.27433644189383066,0.5018113342898134,1385.9,20,False
georgia,0.1,500,M2_weighted,STTC,1,0.7533394892159228,0.008873801726483851,0.7397333427499092,1.2743364418938308,0.27433644189383066,0.5018113342898134,1402.1,20,False
georgia,0.1,500,M3_hybrid,CD,0,0.9020005441568102,0.02063306007940513,0.869341504733867,1.2456958393113342,0.2456958393113343,0.7430416068866571,2147.3,20,False
georgia,0.1,500,M3_hybrid,CD,1,0.9114125248275389,0.02870619038536351,0.876881719206835,1.2456958393113342,0.2456958393113343,0.7430416068866571,640.7,20,False
georgia,0.1,500,M3_hybrid,HYP,0,0.9043834793432259,0.01664174880255222,0.8752505281699169,1.4086441893830703,0.40864418938307023,0.7430416068866571,2157.65,20,False
georgia,0.1,500,M3_hybrid,HYP,1,0.9002916996528791,0.02554067913709158,0.8618724423837713,1.4086441893830703,0.40864418938307023,0.7430416068866571,630.35,20,False
georgia,0.1,500,M3_hybrid,NORM,0,0.903365680334594,0.01380757092452506,0.8856051826143213,1.2532460545193689,0.25324605451936877,0.7430416068866571,1966.7,20,False
georgia,0.1,500,M3_hybrid,NORM,1,0.8937852078676878,0.02340803714287292,0.8526579820861685,1.2532460545193689,0.25324605451936877,0.7430416068866571,821.3,20,False
georgia,0.1,500,M3_hybrid,STTC,0,0.9008913703987311,0.01991831071320673,0.8738887202525497,1.3910509325681493,0.3910509325681492,0.7430416068866571,1385.9,20,False
georgia,0.1,500,M3_hybrid,STTC,1,0.9048665052323133,0.023679491291397507,0.8700983463560863,1.3910509325681493,0.3910509325681492,0.7430416068866571,1402.1,20,False
georgia,0.1,500,M4_pooled,CD,0,0.8350397851736997,0.013716109635689025,0.8103416048984853,1.1602403156384504,0.1602403156384505,0.5798421807747489,2147.3,20,False
georgia,0.1,500,M4_pooled,CD,1,0.9086520031017622,0.015958663869367284,0.8867802828569737,1.1602403156384504,0.1602403156384505,0.5798421807747489,640.7,20,False
georgia,0.1,500,M4_pooled,HYP,0,0.9026343075980756,0.007413813506898939,0.8908980640606866,1.305900286944046,0.3059002869440459,0.5798421807747489,2157.65,20,False
georgia,0.1,500,M4_pooled,HYP,1,0.8439794863933262,0.022209990507476136,0.8039230982594827,1.305900286944046,0.3059002869440459,0.5798421807747489,630.35,20,False
georgia,0.1,500,M4_pooled,NORM,0,0.9035102068875694,0.0064921297056989916,0.892882893602292,1.0929698708751794,0.09296987087517934,0.5798421807747489,1966.7,20,False
georgia,0.1,500,M4_pooled,NORM,1,0.763025788913789,0.011023992997833236,0.748035449319068,1.0929698708751794,0.09296987087517934,0.5798421807747489,821.3,20,False
georgia,0.1,500,M4_pooled,STTC,0,0.8541615264656567,0.008038619837464388,0.8418900957010481,1.250735294117647,0.25073529411764706,0.5798421807747489,1385.9,20,False
georgia,0.1,500,M4_pooled,STTC,1,0.8660221842491278,0.022865430159077316,0.8343349181777975,1.250735294117647,0.25073529411764706,0.5798421807747489,1402.1,20,False
georgia,0.1,1000,M0_source,CD,0,0.795066220914405,0.006369159362662838,0.7851271518768266,1.1205882352941177,0.12058823529411763,0.4370157819225251,2147.3,20,False
georgia,0.1,1000,M0_source,CD,1,0.9118286627893945,0.01046781102650119,0.8972133949636477,1.1205882352941177,0.12058823529411763,0.4370157819225251,640.7,20,False
georgia,0.1,1000,M0_source,HYP,0,0.9039969048365633,0.004302885948491025,0.8973904907476996,1.2440817790530847,0.24408177905308465,0.4370157819225251,2157.65,20,False
georgia,0.1,1000,M0_source,HYP,1,0.7947764356379239,0.010198737774176396,0.7804554125918595,1.2440817790530847,0.24408177905308465,0.4370157819225251,630.35,20,False
georgia,0.1,1000,M0_source,NORM,0,0.904114574836005,0.004068296964354501,0.8959953325625405,1.0428443328550931,0.04284433285509326,0.4370157819225251,1966.7,20,False
georgia,0.1,1000,M0_source,NORM,1,0.7009175071206545,0.0067262986159815,0.6917334595657849,1.0428443328550931,0.04284433285509326,0.4370157819225251,821.3,20,False
georgia,0.1,1000,M0_source,STTC,0,0.8425302634938522,0.006395910464959221,0.8332974137931035,1.1258787661406024,0.1258787661406026,0.4370157819225251,1385.9,20,False
georgia,0.1,1000,M0_source,STTC,1,0.7726046062653631,0.006714862795604695,0.7612414746357803,1.1258787661406024,0.1258787661406026,0.4370157819225251,1402.1,20,False
georgia,0.1,1000,M1_target,CD,0,0.900565551046666,0.013280326245201582,0.8798049620680946,1.234648493543759,0.234648493543759,0.7330344332855093,2147.3,20,False
georgia,0.1,1000,M1_target,CD,1,0.9077640672434406,0.026876364675180932,0.869256169004083,1.234648493543759,0.234648493543759,0.7330344332855093,640.7,20,False
georgia,0.1,1000,M1_target,HYP,0,0.9022552582704447,0.011412114311454145,0.8838115377015792,1.3978299856527978,0.3978299856527977,0.7330344332855093,2157.65,20,False
georgia,0.1,1000,M1_target,HYP,1,0.8978416213117375,0.015930455995801535,0.8821023037449502,1.3978299856527978,0.3978299856527977,0.7330344332855093,630.35,20,False
georgia,0.1,1000,M1_target,NORM,0,0.8995639985543058,0.013793440056886083,0.8741756382867131,1.2510760401721663,0.25107604017216645,0.7330344332855093,1966.7,20,False
georgia,0.1,1000,M1_target,NORM,1,0.8938856788958264,0.02368730746289312,0.8542156123805847,1.2510760401721663,0.25107604017216645,0.7330344332855093,821.3,20,False
georgia,0.1,1000,M1_target,STTC,0,0.8944610576394412,0.01453800721512566,0.8744427389827742,1.3744619799139168,0.3744619799139168,0.7330344332855093,1385.9,20,False
georgia,0.1,1000,M1_target,STTC,1,0.9034302504315248,0.014993605236891604,0.8829858444176227,1.3744619799139168,0.3744619799139168,0.7330344332855093,1402.1,20,False
georgia,0.1,1000,M2_weighted,CD,0,0.8235600881356818,0.013644133284302813,0.8037835570102221,1.0998027259684362,0.09980272596843616,0.5018113342898134,2147.3,20,False
georgia,0.1,1000,M2_weighted,CD,1,0.8866941782844332,0.01819746461161068,0.8611142808994174,1.0998027259684362,0.09980272596843616,0.5018113342898134,640.7,20,False
georgia,0.1,1000,M2_weighted,HYP,0,0.9111717485577395,0.006438468604113272,0.9022236376286655,1.214580344332855,0.2145803443328551,0.5018113342898134,2157.65,20,False
georgia,0.1,1000,M2_weighted,HYP,1,0.7610084334787183,0.018368119556532652,0.7356789036745542,1.214580344332855,0.2145803443328551,0.5018113342898134,630.35,20,False
georgia,0.1,1000,M2_weighted,NORM,0,0.8655618197862947,0.00937001217709334,0.8481827175247643,1.0571736011477761,0.057173601147776185,0.5018113342898134,1966.7,20,False
georgia,0.1,1000,M2_weighted,NORM,1,0.7747716612415245,0.008554353340683264,0.7619363943840183,1.0571736011477761,0.057173601147776185,0.5018113342898134,821.3,20,False
georgia,0.1,1000,M2_weighted,STTC,0,0.9317737417617667,0.005363188664350333,0.9218911616338319,1.2743364418938308,0.27433644189383066,0.5018113342898134,1385.9,20,False
georgia,0.1,1000,M2_weighted,STTC,1,0.7533394892159228,0.008873801726483851,0.7397333427499092,1.2743364418938308,0.27433644189383066,0.5018113342898134,1402.1,20,False
georgia,0.1,1000,M3_hybrid,CD,0,0.900565551046666,0.013280326245201582,0.8798049620680946,1.234648493543759,0.234648493543759,0.7330344332855093,2147.3,20,False
georgia,0.1,1000,M3_hybrid,CD,1,0.9077640672434406,0.026876364675180932,0.869256169004083,1.234648493543759,0.234648493543759,0.7330344332855093,640.7,20,False
georgia,0.1,1000,M3_hybrid,HYP,0,0.9022552582704447,0.011412114311454145,0.8838115377015792,1.3978299856527978,0.3978299856527977,0.7330344332855093,2157.65,20,False
georgia,0.1,1000,M3_hybrid,HYP,1,0.8978416213117375,0.015930455995801535,0.8821023037449502,1.3978299856527978,0.3978299856527977,0.7330344332855093,630.35,20,False
georgia,0.1,1000,M3_hybrid,NORM,0,0.8995639985543058,0.013793440056886083,0.8741756382867131,1.2510760401721663,0.25107604017216645,0.7330344332855093,1966.7,20,False
georgia,0.1,1000,M3_hybrid,NORM,1,0.8938856788958264,0.02368730746289312,0.8542156123805847,1.2510760401721663,0.25107604017216645,0.7330344332855093,821.3,20,False
georgia,0.1,1000,M3_hybrid,STTC,0,0.8944610576394412,0.01453800721512566,0.8744427389827742,1.3744619799139168,0.3744619799139168,0.7330344332855093,1385.9,20,False
georgia,0.1,1000,M3_hybrid,STTC,1,0.9034302504315248,0.014993605236891604,0.8829858444176227,1.3744619799139168,0.3744619799139168,0.7330344332855093,1402.1,20,False
georgia,0.1,1000,M4_pooled,CD,0,0.8528000167525656,0.013459975493935464,0.8323848324637884,1.176345050215208,0.17634505021520802,0.6266140602582496,2147.3,20,False
georgia,0.1,1000,M4_pooled,CD,1,0.9066369690592271,0.01872734481989587,0.8732617314634002,1.176345050215208,0.17634505021520802,0.6266140602582496,640.7,20,False
georgia,0.1,1000,M4_pooled,HYP,0,0.9023593831409501,0.00721311972166074,0.892110909565044,1.337751076040172,0.3377510760401722,0.6266140602582496,2157.65,20,False
georgia,0.1,1000,M4_pooled,HYP,1,0.8670548767100772,0.014099577067567072,0.8511454837297534,1.337751076040172,0.3377510760401722,0.6266140602582496,630.35,20,False
georgia,0.1,1000,M4_pooled,NORM,0,0.9019556716062661,0.007631069348013193,0.8874678198467715,1.1261298421807748,0.12612984218077475,0.6266140602582496,1966.7,20,False
georgia,0.1,1000,M4_pooled,NORM,1,0.794434003537955,0.017194375871957823,0.7701522384592706,1.1261298421807748,0.12612984218077475,0.6266140602582496,821.3,20,False
georgia,0.1,1000,M4_pooled,STTC,0,0.8619689764231099,0.013374286488047766,0.8467775267102131,1.2811334289813485,0.28113342898134863,0.6266140602582496,1385.9,20,False
georgia,0.1,1000,M4_pooled,STTC,1,0.8785826117592253,0.01767828495171682,0.8522026620458527,1.2811334289813485,0.28113342898134863,0.6266140602582496,1402.1,20,False
