alpha,class,true_class,n_calib,n_test,expected_coverage,sd_total,observed,p_undercoverage,p_holm
0.1,NORM,1,482,963,0.9006211180124224,0.01672168359595751,0.9138110072689511,0.790105,1.0
0.1,NORM,0,591,1195,0.9003378378378378,0.015010982043834676,0.8761506276150628,0.06258,0.6257999999999999
0.1,MI,1,267,550,0.9029850746268657,0.02195672838881998,0.8945454545454545,0.34585,1.0
0.1,MI,0,806,1608,0.9008674101610905,0.012874079763224739,0.8992537313432836,0.4467,1.0
0.1,STTC,1,262,521,0.9011406844106464,0.022495540252767534,0.8790786948176583,0.17186,1.0
0.1,STTC,0,811,1637,0.9002463054187192,0.012852968599632262,0.9187538179596824,0.93345,1.0
0.1,CD,1,263,496,0.9015151515151515,0.022615605191238477,0.8870967741935484,0.26356,1.0
0.1,CD,0,810,1662,0.9001233045622689,0.012828003473501609,0.8935018050541517,0.302925,1.0
0.1,HYP,1,135,262,0.9044117647058824,0.03087637658691671,0.9045801526717557,0.495355,1.0
0.1,HYP,0,938,1896,0.9009584664536742,0.011951803373164621,0.9034810126582279,0.58056,1.0
0.05,NORM,1,482,963,0.9503105590062112,0.01212545531822158,0.9584631360332295,0.753825,1.0
0.05,NORM,0,591,1195,0.9510135135135135,0.010847841044526105,0.9364016736401674,0.10148,1.0
0.05,MI,1,267,550,0.9514925373134329,0.016010951793596143,0.9472727272727273,0.38708,1.0
0.05,MI,0,806,1608,0.9504337050805453,0.00936427025975829,0.9409203980099502,0.162285,1.0
0.05,STTC,1,262,521,0.9505703422053232,0.01636879476731218,0.944337811900192,0.343845,1.0
0.05,STTC,0,811,1637,0.9507389162561576,0.009285835146376263,0.9743433109346366,0.99846,1.0
0.05,CD,1,263,496,0.9507575757575758,0.016475409048235967,0.9395161290322581,0.248585,1.0
0.05,CD,0,810,1662,0.9506781750924784,0.00927757459309654,0.9578820697954272,0.786445,1.0
0.05,HYP,1,135,262,0.9558823529411765,0.02161135147174218,0.9541984732824428,0.453065,1.0
0.05,HYP,0,938,1896,0.9510117145899893,0.008597250633978778,0.9541139240506329,0.6369,1.0
