epoch,train_loss,tune_macro_auroc,epoch_seconds,arch,seed
1,0.5040087448572045,0.8703087777617116,10.51652479171753,resnet1d,0
2,0.3378464684112748,0.8980391308902329,7.950729131698608,resnet1d,0
3,0.3079024774592314,0.8959092927981773,7.815176486968994,resnet1d,0
4,0.2891967659121129,0.9065794808901824,8.276461362838745,resnet1d,0
5,0.278680333450659,0.9086827810747404,7.447416543960571,resnet1d,0
6,0.2757852967105694,0.9032038858257307,8.258400201797485,resnet1d,0
7,0.2696789684357927,0.909655270913758,8.067272663116455,resnet1d,0
8,0.2600410985412882,0.9033675968204764,7.890935182571411,resnet1d,0
9,0.2547875460404069,0.9077735274103552,8.333520412445068,resnet1d,0
10,0.2476317987068375,0.9046662804579142,7.477291107177734,resnet1d,0
11,0.2404205260881737,0.9143378617560748,8.371097326278687,resnet1d,0
12,0.2321491164725218,0.9096080928930832,7.921023368835449,resnet1d,0
13,0.2211330495218732,0.9096138590868768,7.921065807342529,resnet1d,0
14,0.2098024123862608,0.9122796096136648,8.308662414550781,resnet1d,0
15,0.1998277386622642,0.9076065282018506,7.524564981460571,resnet1d,0
16,0.1829245885583891,0.9026065463416147,8.32075023651123,resnet1d,0
17,0.1746431542977468,0.9023376980460616,7.814249992370605,resnet1d,0
1,0.4972960684281676,0.8761537774286889,7.479763746261597,resnet1d,1
2,0.341894261316577,0.8981718284852638,8.520200729370117,resnet1d,1
3,0.3081389360908252,0.9017845381582807,7.852264165878296,resnet1d,1
4,0.2918144544558738,0.900276743515065,7.883018255233765,resnet1d,1
5,0.2855526941703327,0.9039802701634876,8.397955656051636,resnet1d,1
6,0.2791869214444018,0.908761974681388,7.553922176361084,resnet1d,1
7,0.2684469648928784,0.9028094721168656,8.384158372879028,resnet1d,1
8,0.2630386226880016,0.9023393139905592,8.001145839691162,resnet1d,1
9,0.2530126304768804,0.904876632599812,7.752452850341797,resnet1d,1
10,0.2492077419562126,0.9052541872625416,8.329106569290161,resnet1d,1
11,0.2416317779848824,0.9072826696718252,7.423941135406494,resnet1d,1
12,0.2306075947943018,0.897968972698951,8.245082378387451,resnet1d,1
1,0.4731727923030284,0.88276272371857,8.286150932312012,resnet1d,2
2,0.3392725660284953,0.8991782624984876,7.585103988647461,resnet1d,2
3,0.3048972021510352,0.888117449283999,8.354357481002808,resnet1d,2
4,0.2907055785406881,0.903409343798938,7.983376502990723,resnet1d,2
5,0.2809493776355217,0.90780538167563,7.799323797225952,resnet1d,2
6,0.2717192047345104,0.9091926909107352,8.394024848937988,resnet1d,2
7,0.2643622334546117,0.8991915058261515,7.437344789505005,resnet1d,2
8,0.2592156500513874,0.9073686859715244,8.683818817138672,resnet1d,2
9,0.2551980920469583,0.8971613404054579,7.884478330612183,resnet1d,2
10,0.2452763353488338,0.907736661100064,7.803171873092651,resnet1d,2
11,0.2401188778788296,0.910820445877296,8.231177568435669,resnet1d,2
12,0.2262322192094219,0.9169249718260064,7.466699123382568,resnet1d,2
13,0.2188260876643123,0.9026154231820056,8.236636400222778,resnet1d,2
14,0.207483650032264,0.911793021952039,7.95427942276001,resnet1d,2
15,0.1917496100068092,0.9066436952493484,7.877756834030151,resnet1d,2
16,0.1793129419101708,0.897304268375634,8.22860050201416,resnet1d,2
17,0.165696912737035,0.904324639563682,7.3641767501831055,resnet1d,2
18,0.1504114508184034,0.902783226076176,8.219605207443237,resnet1d,2
1,0.486406687925111,0.8698144968066661,8.386609554290771,resnet1d,3
2,0.3419032332612507,0.89648366157225,7.752386093139648,resnet1d,3
3,0.3058038691976177,0.8967785711658767,8.417571783065796,resnet1d,3
4,0.2917880091204572,0.8936951267835154,8.527901649475098,resnet1d,3
5,0.2807816631758391,0.9074494456701968,8.128877878189087,resnet1d,3
6,0.2723717161301356,0.897586793667351,8.423143148422241,resnet1d,3
7,0.2671793868292623,0.9091595059788242,7.809413194656372,resnet1d,3
8,0.2597975620805328,0.9071122987438562,8.464725255966187,resnet1d,3
9,0.2521496697593091,0.9063554387826273,8.458701848983765,resnet1d,3
10,0.2492469234475449,0.8925974934268421,7.683598756790161,resnet1d,3
11,0.2385056453631885,0.914483614208734,8.4583580493927,resnet1d,3
12,0.2271349764804341,0.8998470886259353,7.757657527923584,resnet1d,3
13,0.2167628092774704,0.9063591540574356,8.474528789520264,resnet1d,3
14,0.2080841474791071,0.9050326599998424,8.389748334884644,resnet1d,3
15,0.1918138231136905,0.8941895461247432,7.667605400085449,resnet1d,3
16,0.1836599358983004,0.9067761712889382,8.401090860366821,resnet1d,3
17,0.1676008335467594,0.8956531988644624,7.801622629165649,resnet1d,3
1,0.4884931603029592,0.87247454478871,7.534211874008179,resnet1d,4
2,0.3410624021024846,0.8901898171383573,8.449262380599976,resnet1d,4
3,0.3070063385278431,0.9060236771581058,7.644775152206421,resnet1d,4
4,0.2936748525322373,0.9087121263963068,8.076529026031494,resnet1d,4
5,0.2789050984516072,0.8966762600768355,8.562570810317993,resnet1d,4
6,0.2740624761625902,0.9040520562332216,7.596204996109009,resnet1d,4
7,0.2645708637228652,0.9100146361253988,8.253723859786987,resnet1d,4
8,0.259619467738849,0.902011019397993,7.678849458694458,resnet1d,4
9,0.2528672009261686,0.9107251219101812,8.204938411712646,resnet1d,4
10,0.2473502258089051,0.9027157895533084,8.364273071289062,resnet1d,4
11,0.2393172353283683,0.9064605061725448,7.677173614501953,resnet1d,4
12,0.2327057499049314,0.899686599996507,8.233739614486694,resnet1d,4
13,0.2210630731128934,0.9117910623444576,7.638899326324463,resnet1d,4
14,0.2098065466800732,0.9028780230552856,7.909284830093384,resnet1d,4
15,0.1974421181340716,0.9008432141532092,8.584715843200684,resnet1d,4
16,0.1843750757623964,0.8969217567075545,7.466951847076416,resnet1d,4
17,0.1707870071170045,0.8925951772117168,8.246320724487305,resnet1d,4
18,0.1536696230742468,0.898265657356211,7.604995489120483,resnet1d,4
19,0.1385304662607499,0.896875936786877,8.02011227607727,resnet1d,4
1,0.5888900943656465,0.8523177065594302,8.663640260696411,fcn,0
2,0.4793662515593998,0.8732379205908753,8.310730457305908,fcn,0
3,0.4047615421352102,0.888310092958401,8.3358736038208,fcn,0
4,0.3546861232216678,0.8980322684258015,8.626542568206787,fcn,0
5,0.3267966822456957,0.8971482661728796,8.020837306976318,fcn,0
6,0.3092246264664094,0.9077661701578948,8.65406608581543,fcn,0
7,0.2991551512212895,0.9078283164706265,8.49497365951538,fcn,0
8,0.2903435566087267,0.9092951885423136,8.095116376876831,fcn,0
9,0.283390974375739,0.9139244202788896,8.623805522918701,fcn,0
10,0.2790913571839902,0.912765247093238,8.080589294433594,fcn,0
11,0.2742995891108442,0.9188103881144948,8.53300428390503,fcn,0
12,0.2720863069616147,0.915939138156315,8.58326530456543,fcn,0
13,0.2674705388385858,0.9218713327716892,7.981938362121582,fcn,0
14,0.2631477223181013,0.921853920513251,8.585368156433105,fcn,0
15,0.2595475005792148,0.922750764082278,8.307250261306763,fcn,0
16,0.2561288562728397,0.9198358595022414,8.25664758682251,fcn,0
17,0.2546262702167923,0.9185800948533324,8.598514795303345,fcn,0
18,0.2505216039161184,0.9235013902950066,7.9741480350494385,fcn,0
19,0.2470922118692256,0.9208486780345906,8.60839557647705,fcn,0
20,0.2434072939317617,0.924111253586538,8.52660846710205,fcn,0
21,0.2420284134238513,0.9225654275340264,8.02586030960083,fcn,0
22,0.2377459460230016,0.9237136310900252,8.623024702072144,fcn,0
23,0.2357336686395887,0.9274058647396988,8.152140140533447,fcn,0
24,0.2334284256420918,0.9256841933257196,8.430710792541504,fcn,0
25,0.2317628729254452,0.9277378384864692,8.655627012252808,fcn,0
26,0.2265868609520926,0.9245106234967884,8.041524887084961,fcn,0
27,0.2246774078082682,0.92555396300838,8.708046197891235,fcn,0
28,0.2197207344779327,0.928207404750614,8.370739936828613,fcn,0
29,0.2165277481301507,0.9237472921007628,8.202385902404785,fcn,0
30,0.2131473912454363,0.9270830378890068,8.643139600753784,fcn,0
31,0.2110549497293002,0.9264989867962684,8.023444175720215,fcn,0
32,0.2068536412804874,0.9276887186561849,8.629197835922241,fcn,0
33,0.2037675283960442,0.9279837032065392,8.620475769042969,fcn,0
34,0.2000844619834601,0.9276089589209808,8.01512098312378,fcn,0
1,0.571240122860937,0.8483352853951669,8.677723169326782,fcn,1
2,0.4648766408660518,0.8715212665522223,8.778108596801758,fcn,1
3,0.3993484604714521,0.8822544360378506,8.15293025970459,fcn,1
4,0.3562794716945335,0.893103809389077,8.744109630584717,fcn,1
5,0.3289219176591332,0.8996577965998729,8.473704099655151,fcn,1
6,0.312344140526074,0.9066418167898922,8.387869834899902,fcn,1
7,0.2997191090192367,0.9083707474197612,8.78071665763855,fcn,1
8,0.2919654150062533,0.910871320509823,8.281410217285156,fcn,1
9,0.2833090524620084,0.9127062762528264,8.784030437469482,fcn,1
10,0.2793040562476684,0.9133992227278336,8.735896110534668,fcn,1
11,0.2750651015719371,0.9128038250671254,8.12648630142212,fcn,1
12,0.2695048117815559,0.9206118384182552,8.826381206512451,fcn,1
13,0.2656106408407439,0.9225303469756982,8.533304452896118,fcn,1
14,0.2635901834982544,0.9227597819375803,8.295333623886108,fcn,1
15,0.2579181303284061,0.9234136005606568,8.758633613586426,fcn,1
16,0.2557963259629349,0.9265588758375604,8.260809659957886,fcn,1
17,0.2523225555891421,0.9248526464255552,8.595979452133179,fcn,1
18,0.2507812923459864,0.923130826214304,8.734959363937378,fcn,1
19,0.2464270858622309,0.9244263234500606,8.160006523132324,fcn,1
20,0.2445079315064558,0.9266471579664916,8.799782752990723,fcn,1
21,0.2400217987040975,0.9243373505443578,8.5628662109375,fcn,1
22,0.2385112895672001,0.9269271018928588,8.335758924484253,fcn,1
23,0.23566444518406,0.9244855605079438,8.815002918243408,fcn,1
24,0.2312239719860589,0.9298037344052288,8.282535791397095,fcn,1
25,0.2281647291201264,0.9268327431310488,8.600649118423462,fcn,1
26,0.2260062249738778,0.9258337804651292,8.771640062332153,fcn,1
27,0.2234243332450069,0.9273738610682248,8.219698190689087,fcn,1
28,0.2192914339143838,0.9257921191463254,8.69548749923706,fcn,1
29,0.215563193742019,0.926982148733177,8.623679399490356,fcn,1
30,0.2133401216410879,0.9270155656140469,8.27196979522705,fcn,1
1,0.5994990841666265,0.8475920112538052,8.604589939117432,fcn,2
2,0.4898006549077247,0.8744266516979028,8.532867193222046,fcn,2
3,0.4129060982768215,0.8761444989504208,8.08224368095398,fcn,2
4,0.3611753667468455,0.89265272643337,8.620351552963257,fcn,2
5,0.3308881988276296,0.896584417519362,8.133761882781982,fcn,2
6,0.3116424507391986,0.907405509168872,8.500197172164917,fcn,2
7,0.2987376399227042,0.9103502327332952,8.585286617279053,fcn,2
8,0.291136160492897,0.9101350271202836,7.989287614822388,fcn,2
9,0.284035877171737,0.9132404981189696,8.620474100112915,fcn,2
10,0.2782217372042029,0.9160903773968784,8.253994226455688,fcn,2
11,0.2757116499454228,0.9173900133927092,8.264789581298828,fcn,2
12,0.2704645354133933,0.9190794369405806,8.59061861038208,fcn,2
13,0.2661728748857085,0.9171218034973518,7.959194898605347,fcn,2
14,0.2632547447930521,0.9199741799445068,8.674345016479492,fcn,2
15,0.2600253843771877,0.9199560015477763,8.535022258758545,fcn,2
16,0.2571158324604604,0.9222827876886622,8.058955669403076,fcn,2
17,0.2527594613050347,0.9261515502445412,8.61670446395874,fcn,2
18,0.2495231438261359,0.9196306135876686,8.057868003845215,fcn,2
19,0.2476964976582954,0.9214064376069356,8.46367883682251,fcn,2
20,0.2439832170285395,0.9270342230963988,8.597474336624146,fcn,2
21,0.2394214101246933,0.9262793358717928,8.01230239868164,fcn,2
22,0.2400157811926372,0.9229329686214872,8.593263149261475,fcn,2
23,0.2355891938752203,0.9274617371186776,8.23755693435669,fcn,2
24,0.2329031091127822,0.9249888451533655,8.345502376556396,fcn,2
25,0.2302789380078885,0.9258624091360662,8.61353325843811,fcn,2
26,0.2268071157941177,0.9262642370278196,7.962467193603516,fcn,2
27,0.222921238127929,0.9270630228472796,8.610901594161987,fcn,2
28,0.2180668763927559,0.9251915497591672,8.405165195465088,fcn,2
29,0.2162660181299964,0.9265307176459464,8.117395639419556,fcn,2
1,0.6054141534798181,0.8386941840315231,8.581927061080933,fcn,3
2,0.4921239587798047,0.8665813274763924,8.361504316329956,fcn,3
3,0.4126769088542283,0.8816793813510182,8.2035973072052,fcn,3
4,0.3600616850959721,0.8948260567492831,8.561301708221436,fcn,3
5,0.330006601427918,0.9023194262968198,8.016408920288086,fcn,3
6,0.3111427005992007,0.9046471721643808,8.528148889541626,fcn,3
7,0.2992877782280765,0.9106422355908212,8.548683643341064,fcn,3
8,0.2897188726868202,0.9099662292082356,7.938930988311768,fcn,3
9,0.283936696043655,0.9149077723508487,8.59673547744751,fcn,3
10,0.2795127871543614,0.9122642233330832,8.118359327316284,fcn,3
11,0.2737696524431456,0.9164038290617056,8.434779644012451,fcn,3
12,0.269766611950611,0.9174446692356149,8.590263843536377,fcn,3
13,0.2647099201358966,0.9200221620708736,7.962298631668091,fcn,3
14,0.2617650087644805,0.921915413215524,8.599375009536743,fcn,3
15,0.2597195085749697,0.9234177160913452,8.339259386062622,fcn,3
16,0.2554569641378388,0.9218000758865984,8.203223466873169,fcn,3
17,0.2531747715686684,0.9230485586847949,8.675899028778076,fcn,3
18,0.2507266080868778,0.9251889653940284,8.034995079040527,fcn,3
19,0.2465334763722633,0.9258459914274272,8.63929033279419,fcn,3
20,0.2442196866692002,0.9246789198223146,8.586782455444336,fcn,3
21,0.242332171370734,0.928826288117672,8.104761600494385,fcn,3
22,0.2380324715553824,0.9273520333793132,8.712322473526001,fcn,3
23,0.2354156299313502,0.9267385735445526,8.386425733566284,fcn,3
24,0.2317536655646651,0.9265421174402704,8.55890679359436,fcn,3
25,0.2297146223596672,0.9275712804192014,8.733307361602783,fcn,3
26,0.2247297007646133,0.9258167054485212,8.093344926834106,fcn,3
27,0.2228754922302801,0.9255139012933238,8.805842638015747,fcn,3
1,0.5867993787153444,0.8467154463784645,8.823084592819214,fcn,4
2,0.4750689085739762,0.8710251583458877,8.189839601516724,fcn,4
3,0.4029648942289068,0.8835266831701734,8.756767272949219,fcn,4
4,0.3570238064918945,0.8955772636856931,8.61207890510559,fcn,4
5,0.3282217207684446,0.9018339814511558,8.043288230895996,fcn,4
6,0.3107071394350991,0.9074578487504216,8.647002935409546,fcn,4
7,0.2990049928871553,0.9111792698633158,8.3023841381073,fcn,4
8,0.2890418983662306,0.9128445217279568,8.392931938171387,fcn,4
9,0.2837513105860397,0.9150827518198325,8.667704343795776,fcn,4
10,0.2791963924667728,0.9147007252251912,8.047667026519775,fcn,4
11,0.2742385152560561,0.9164563745236683,8.707298040390015,fcn,4
12,0.2696340143013356,0.9173456207997438,8.53286099433899,fcn,4
13,0.2663826732270753,0.9242374547768196,8.204155921936035,fcn,4
14,0.2623003835775959,0.9178572466163584,8.738011121749878,fcn,4
15,0.2601503122653534,0.9184578636085486,8.134311199188232,fcn,4
16,0.2565754342879822,0.9254125327051106,8.485693216323853,fcn,4
17,0.2528544820066708,0.9192294192299666,8.696041584014893,fcn,4
18,0.2504781928302637,0.923590479222724,8.234933614730835,fcn,4
19,0.2473004446990454,0.9256573783757354,8.922478437423706,fcn,4
20,0.2451057663159584,0.9259779473149632,8.597142696380615,fcn,4
21,0.2427023273350587,0.9234662915869424,8.346220970153809,fcn,4
22,0.2386051287401968,0.9246175300218272,8.925063610076904,fcn,4
23,0.2349301566606137,0.9253178408923324,8.317443132400513,fcn,4
24,0.2321186274734895,0.9270915449178372,8.754772424697876,fcn,4
25,0.2307912208028693,0.9234041034518404,9.084062099456789,fcn,4
26,0.22585642582445,0.9255854784519087,8.278890371322632,fcn,4
27,0.2237449975600883,0.9270818137851696,8.730544805526733,fcn,4
28,0.219595639007305,0.9280447796776292,8.732327938079834,fcn,4
29,0.2173368152397782,0.9280345002003624,8.350497722625732,fcn,4
30,0.2124427923960472,0.927214648031019,8.847339153289795,fcn,4
31,0.2102284668319261,0.9288095655555282,8.487930059432983,fcn,4
32,0.2069883222010598,0.929169141336628,8.656408548355103,fcn,4
33,0.2026818324603251,0.9293340459389036,8.768771171569824,fcn,4
34,0.2004615938040747,0.9289942043032716,8.24333906173706,fcn,4
35,0.1981263588835944,0.9282280118371304,8.835289478302002,fcn,4
36,0.1953801707322917,0.9279185642706042,8.847434043884277,fcn,4
37,0.1936991744077027,0.9282838552077978,8.176638126373291,fcn,4
38,0.1925606730936178,0.9283437556850684,8.852890968322754,fcn,4
39,0.1918186528691605,0.928185059655895,8.653562545776367,fcn,4
