alpha,age_band,class,true_class,threshold_from
0.1,<40,NORM,0,<40+40-59
0.1,<40,NORM,1,<40
0.1,<40,MI,0,<40
0.1,<40,MI,1,<40+40-59
0.1,<40,STTC,0,<40
0.1,<40,STTC,1,<40+40-59
0.1,<40,CD,0,<40
0.1,<40,CD,1,<40+40-59
0.1,<40,HYP,0,<40
0.1,<40,HYP,1,<40+40-59
0.1,40-59,NORM,0,40-59
0.1,40-59,NORM,1,40-59
0.1,40-59,MI,0,40-59
0.1,40-59,MI,1,40-59
0.1,40-59,STTC,0,40-59
0.1,40-59,STTC,1,40-59
0.1,40-59,CD,0,40-59
0.1,40-59,CD,1,40-59
0.1,40-59,HYP,0,40-59
0.1,40-59,HYP,1,40-59+<40
0.1,60-74,NORM,0,60-74
0.1,60-74,NORM,1,60-74
0.1,60-74,MI,0,60-74
0.1,60-74,MI,1,60-74
0.1,60-74,STTC,0,60-74
0.1,60-74,STTC,1,60-74
0.1,60-74,CD,0,60-74
0.1,60-74,CD,1,60-74
0.1,60-74,HYP,0,60-74
0.1,60-74,HYP,1,60-74
0.1,>=75,NORM,0,>=75
0.1,>=75,NORM,1,>=75
0.1,>=75,MI,0,>=75
0.1,>=75,MI,1,>=75
0.1,>=75,STTC,0,>=75
0.1,>=75,STTC,1,>=75
0.1,>=75,CD,0,>=75
0.1,>=75,CD,1,>=75
0.1,>=75,HYP,0,>=75
0.1,>=75,HYP,1,>=75
0.05,<40,NORM,0,<40+40-59
0.05,<40,NORM,1,<40
0.05,<40,MI,0,<40
0.05,<40,MI,1,<40+40-59
0.05,<40,STTC,0,<40
0.05,<40,STTC,1,<40+40-59
0.05,<40,CD,0,<40
0.05,<40,CD,1,<40+40-59
0.05,<40,HYP,0,<40
0.05,<40,HYP,1,<40+40-59
0.05,40-59,NORM,0,40-59
0.05,40-59,NORM,1,40-59
0.05,40-59,MI,0,40-59
0.05,40-59,MI,1,40-59
0.05,40-59,STTC,0,40-59
0.05,40-59,STTC,1,40-59
0.05,40-59,CD,0,40-59
0.05,40-59,CD,1,40-59
0.05,40-59,HYP,0,40-59
0.05,40-59,HYP,1,40-59+<40
0.05,60-74,NORM,0,60-74
0.05,60-74,NORM,1,60-74
0.05,60-74,MI,0,60-74
0.05,60-74,MI,1,60-74
0.05,60-74,STTC,0,60-74
0.05,60-74,STTC,1,60-74
0.05,60-74,CD,0,60-74
0.05,60-74,CD,1,60-74
0.05,60-74,HYP,0,60-74
0.05,60-74,HYP,1,60-74
0.05,>=75,NORM,0,>=75
0.05,>=75,NORM,1,>=75
0.05,>=75,MI,0,>=75
0.05,>=75,MI,1,>=75
0.05,>=75,STTC,0,>=75
0.05,>=75,STTC,1,>=75
0.05,>=75,CD,0,>=75
0.05,>=75,CD,1,>=75
0.05,>=75,HYP,0,>=75
0.05,>=75,HYP,1,>=75
