model,cp,alpha,auto_report_rate,referral_rate,exact_match_auto,exact_match_referred
resnet1d_ens,mondrian,0.1,0.5301204819277109,0.4698795180722891,0.6853146853146853,0.45069033530571995
resnet1d_ens,global,0.1,0.8113994439295644,0.18860055607043558,0.6916047972587093,0.1769041769041769
logreg,mondrian,0.1,0.26830398517145504,0.731696014828545,0.5993091537132987,0.3736542115262825
logreg,global,0.1,0.5611677479147359,0.4388322520852641,0.6729975227085053,0.146779303062302
hgb_ens,mondrian,0.1,0.41890639481000924,0.5810936051899908,0.6216814159292036,0.3939393939393939
hgb_ens,global,0.1,0.6584800741427247,0.3415199258572753,0.6896551724137931,0.1519674355495251
fcn_ens,mondrian,0.1,0.5064874884151993,0.4935125115848007,0.6623970722781336,0.4507042253521127
fcn_ens,global,0.1,0.8141797961075069,0.1858202038924931,0.6955036994877632,0.22693266832917705
resnet1d_ens,mondrian,0.05,0.25532900834105654,0.7446709916589435,0.8784029038112523,0.4075917859365277
resnet1d_ens,global,0.05,0.44810009267840595,0.551899907321594,0.8490175801447777,0.16624685138539042
logreg,mondrian,0.05,0.05792400370713624,0.9420759962928638,0.696,0.3320216428922774
logreg,global,0.05,0.25069508804448565,0.7493049119555144,0.8521256931608133,0.12554112554112554
hgb_ens,mondrian,0.05,0.14967562557924002,0.85032437442076,0.8204334365325078,0.3580381471389646
hgb_ens,global,0.05,0.340129749768304,0.659870250231696,0.8446866485013624,0.13553370786516855
fcn_ens,mondrian,0.05,0.22289156626506024,0.7771084337349398,0.8461538461538461,0.43231961836613
fcn_ens,global,0.05,0.42910101946246526,0.5708989805375347,0.8390928725701944,0.19886363636363635
