site,model,n,evaluable_classes,macro_auroc,macro_auprc,macro_f1,macro_bal_acc,brier,ece,auroc_NORM,auroc_STTC,auroc_CD,auroc_HYP,macro_auroc_ci_low,macro_auroc_ci_high
georgia,prevalence,4735,"NORM,STTC,CD,HYP",0.5,0.3131467793030623,0.4662481028121355,0.5,0.22639143788678504,0.1327004899007884,0.5,0.5,0.5,0.5,,
georgia,logreg,4735,"NORM,STTC,CD,HYP",0.8060114852379575,0.6557034565964408,0.6157379400702009,0.7269592055313919,0.16889575217431396,0.11587115231103341,0.8318761379649767,0.7796725329256678,0.8102490546421395,0.8022482154190461,0.7981431733232692,0.8140796970732527
georgia,hgb_ens,4735,"NORM,STTC,CD,HYP",0.8231171142453709,0.6931805935580875,0.6172732825747461,0.7283299760130921,0.16527928698529099,0.11778578718689188,0.8375396505903591,0.8000108482434232,0.8310785322099277,0.823839425937774,0.8152795360052221,0.8305691825954695
georgia,fcn_ens,4735,"NORM,STTC,CD,HYP",0.8367642346161359,0.7007016671268655,0.6233826842501704,0.7400570223494909,0.15415713586098823,0.10095154655002977,0.8551196687935118,0.8139899161295181,0.8611264498942633,0.8168209036472509,0.8296128698905331,0.8439432580146788
georgia,resnet1d_ens,4735,"NORM,STTC,CD,HYP",0.8555316613439856,0.7359012025968195,0.6607241176226895,0.7624636919602126,0.1435754136311241,0.08688746511100026,0.8759200716122137,0.8296227166499484,0.8929850603623257,0.8235987967514546,0.8487244038127263,0.8623910122038128
PTB-XL test (classes of georgia),resnet1d_ens,2158,,0.9234789995602545,0.8160127227248863,0.7373383788997792,0.8404850271978932,0.0812225063878999,0.01749638049984998,,,,,,
chapman,prevalence,4014,"NORM,STTC,CD",0.5,0.3516027238000332,0.498281633804758,0.5,0.21117683956453817,0.10042318169281872,0.5,0.5,0.5,,,
chapman,logreg,4014,"NORM,STTC,CD",0.8553304401313048,0.7571132934530542,0.6907051221412122,0.7787351923950764,0.13099913007307556,0.08984386014769885,0.9019948949469787,0.8590433825158117,0.8049530429311239,,0.845497036817665,0.8662082562118089
chapman,hgb_ens,4014,"NORM,STTC,CD",0.8820055279557835,0.805939666514263,0.7213144852809629,0.7991189625056693,0.11683788602236869,0.07478809404994356,0.924745642072164,0.87813385074935,0.8431370910458363,,0.8728946943603303,0.8919084978887513
chapman,fcn_ens,4014,"NORM,STTC,CD",0.9085240868071738,0.835400838863111,0.7677307443742473,0.8342510181133814,0.09816277626349204,0.05691601569469116,0.9458400875552382,0.9041904030726684,0.875541769793615,,0.9008713255712959,0.9166063339747252
chapman,resnet1d_ens,4014,"NORM,STTC,CD",0.9247183608681752,0.8529679584582502,0.7735059057943524,0.8384182629171378,0.0964304840215158,0.0628351589121622,0.9539092397755659,0.9065723769524068,0.9136734658765525,,0.9181926957211843,0.9314836269770049
PTB-XL test (classes of chapman),resnet1d_ens,2158,,0.9307160380218044,0.8639519070372912,0.7920609279639331,0.8524954591173808,0.08700329154627487,0.018661600789778018,,,,,,
