alpha,variant,age_band,class,true_class,n,coverage,ci_low,ci_high,referral_rate,mean_set_size
0.1,class_mondrian,<40,NORM,1,236,0.961864406779661,0.9288435562038809,0.9824162033693551,,
0.1,class_mondrian,<40,NORM,0,48,0.5416666666666666,0.3917219975989044,0.6862845779279146,,
0.1,class_mondrian,<40,MI,1,7,0.7142857142857143,0.29042086373734255,0.9633074338239144,,
0.1,class_mondrian,<40,MI,0,277,0.9891696750902527,0.9686771953771743,0.9977609334689729,,
0.1,class_mondrian,<40,STTC,1,20,0.6,0.3605425873072448,0.8088099392744295,,
0.1,class_mondrian,<40,STTC,0,264,0.9696969696969697,0.9411663693868025,0.9868283331286429,,
0.1,class_mondrian,<40,CD,1,37,0.6756756756756757,0.502146716486489,0.8198613519479465,,
0.1,class_mondrian,<40,CD,0,247,0.979757085020243,0.9533946528652772,0.9933952922639355,,
0.1,class_mondrian,<40,HYP,1,10,1.0,0.6915028921812371,1.0,,
0.1,class_mondrian,<40,HYP,0,274,0.9708029197080292,0.9432828813523227,0.9873122173920573,,
0.1,class_mondrian,40-59,NORM,1,388,0.9252577319587629,0.8944199692502955,0.9493751483479819,,
0.1,class_mondrian,40-59,NORM,0,251,0.8047808764940239,0.7502599550272074,0.8519464039839192,,
0.1,class_mondrian,40-59,MI,1,113,0.8230088495575221,0.7399728110579578,0.8884071695536916,,
0.1,class_mondrian,40-59,MI,0,526,0.9486692015209125,0.9261923709875812,0.9659037544733619,,
0.1,class_mondrian,40-59,STTC,1,98,0.8877551020408163,0.8080330009692926,0.9426176216449931,,
0.1,class_mondrian,40-59,STTC,0,541,0.9537892791127541,0.9325372083759671,0.969874952698747,,
0.1,class_mondrian,40-59,CD,1,104,0.8173076923076923,0.729498141591478,0.8862738930040672,,
0.1,class_mondrian,40-59,CD,0,535,0.9495327102803738,0.9274194394749737,0.9664818681291962,,
0.1,class_mondrian,40-59,HYP,1,43,0.8372093023255814,0.6929891276350901,0.9319479055384647,,
0.1,class_mondrian,40-59,HYP,0,596,0.947986577181208,0.926980638108869,0.9643893930182781,,
0.1,class_mondrian,60-74,NORM,1,267,0.8764044943820225,0.8308235506229011,0.9133742241304714,,
0.1,class_mondrian,60-74,NORM,0,439,0.8792710706150342,0.8450721425064935,0.9082440861071497,,
0.1,class_mondrian,60-74,MI,1,198,0.8838383838383839,0.8308122740410578,0.9249208972417404,,
0.1,class_mondrian,60-74,MI,0,508,0.8641732283464567,0.8312722166849089,0.8927586269352905,,
0.1,class_mondrian,60-74,STTC,1,193,0.9015544041450777,0.8505372734629583,0.9396825764006506,,
0.1,class_mondrian,60-74,STTC,0,513,0.9064327485380117,0.8778591020111794,0.9302042639650365,,
0.1,class_mondrian,60-74,CD,1,156,0.9102564102564102,0.8540100455506883,0.9500648855052283,,
0.1,class_mondrian,60-74,CD,0,550,0.8854545454545455,0.8558343883470101,0.910849057415454,,
0.1,class_mondrian,60-74,HYP,1,112,0.9196428571428571,0.852933701624289,0.9625967582621281,,
0.1,class_mondrian,60-74,HYP,0,594,0.877104377104377,0.8479708375769099,0.9024198708489007,,
0.1,class_mondrian,>=75,NORM,1,72,0.8333333333333334,0.7269607210880714,0.9108035939918991,,
0.1,class_mondrian,>=75,NORM,0,457,0.9474835886214442,0.9228648951959163,0.9660655658648096,,
0.1,class_mondrian,>=75,MI,1,232,0.9439655172413793,0.9060853163566778,0.9698300938090642,,
0.1,class_mondrian,>=75,MI,0,297,0.7878787878787878,0.7369343395528822,0.8329774858546823,,
0.1,class_mondrian,>=75,STTC,1,210,0.8809523809523809,0.829294251874477,0.9214575176533181,,
0.1,class_mondrian,>=75,STTC,0,319,0.8369905956112853,0.7917927046960028,0.8757964238244793,,
0.1,class_mondrian,>=75,CD,1,199,0.9447236180904522,0.9032493027259695,0.9720865517389713,,
0.1,class_mondrian,>=75,CD,0,330,0.7515151515151515,0.7012398478785725,0.7972122272426192,,
0.1,class_mondrian,>=75,HYP,1,97,0.9072164948453608,0.8311638105610093,0.9566904273305891,,
0.1,class_mondrian,>=75,HYP,0,432,0.8356481481481481,0.7972690562017855,0.8693517733652304,,
0.1,class_mondrian,ALL,record-level,-1,2158,,,,0.4698795180722891,1.129935125115848
0.1,age_aware_mondrian,<40,NORM,1,236,0.923728813559322,0.8821360306463017,0.9541722179005572,,
0.1,age_aware_mondrian,<40,NORM,0,48,0.75,0.6040406899728815,0.8636277225794199,,
0.1,age_aware_mondrian,<40,MI,1,7,1.0,0.5903836027749514,1.0,,
0.1,age_aware_mondrian,<40,MI,0,277,0.9097472924187726,0.8696537554284479,0.9407401308450034,,
0.1,age_aware_mondrian,<40,STTC,1,20,0.75,0.5089541282920425,0.9134285308985655,,
0.1,age_aware_mondrian,<40,STTC,0,264,0.8560606060606061,0.8078253695021913,0.8960840232536139,,
0.1,age_aware_mondrian,<40,CD,1,37,0.7297297297297297,0.5588063664242642,0.8620974155865023,,
0.1,age_aware_mondrian,<40,CD,0,247,0.9352226720647774,0.8969354996392223,0.9625240778531051,,
0.1,age_aware_mondrian,<40,HYP,1,10,1.0,0.6915028921812371,1.0,,
0.1,age_aware_mondrian,<40,HYP,0,274,0.9635036496350365,0.9339077608449887,0.9823622963505027,,
0.1,age_aware_mondrian,40-59,NORM,1,388,0.9252577319587629,0.8944199692502955,0.9493751483479819,,
0.1,age_aware_mondrian,40-59,NORM,0,251,0.9362549800796812,0.8985444914006744,0.9631285420632211,,
0.1,age_aware_mondrian,40-59,MI,1,113,0.9557522123893806,0.8997580218544137,0.985478950228814,,
0.1,age_aware_mondrian,40-59,MI,0,526,0.9296577946768061,0.9043434564993355,0.9499922827305441,,
0.1,age_aware_mondrian,40-59,STTC,1,98,0.9081632653061225,0.8328133504122908,0.9571416325976503,,
0.1,age_aware_mondrian,40-59,STTC,0,541,0.8521256931608133,0.8193715708375752,0.8809710348782124,,
0.1,age_aware_mondrian,40-59,CD,1,104,0.8942307692307693,0.8186268356588391,0.9460048620305532,,
0.1,age_aware_mondrian,40-59,CD,0,535,0.8859813084112149,0.8559562245752503,0.9116537833824736,,
0.1,age_aware_mondrian,40-59,HYP,1,43,0.8372093023255814,0.6929891276350901,0.9319479055384647,,
0.1,age_aware_mondrian,40-59,HYP,0,596,0.8926174496644296,0.864948673668689,0.9163153966317674,,
0.1,age_aware_mondrian,60-74,NORM,1,267,0.8764044943820225,0.8308235506229011,0.9133742241304714,,
0.1,age_aware_mondrian,60-74,NORM,0,439,0.8747152619589977,0.8400640869167256,0.9042069581538078,,
0.1,age_aware_mondrian,60-74,MI,1,198,0.8787878787878788,0.8250318602058447,0.9207712191985027,,
0.1,age_aware_mondrian,60-74,MI,0,508,0.9114173228346457,0.8832652735583706,0.9346538421204605,,
0.1,age_aware_mondrian,60-74,STTC,1,193,0.9378238341968912,0.8939100543932524,0.9674630791510057,,
0.1,age_aware_mondrian,60-74,STTC,0,513,0.9434697855750487,0.919819474694177,0.9618176786101769,,
0.1,age_aware_mondrian,60-74,CD,1,156,0.9294871794871795,0.8773368684939957,0.9642767589272763,,
0.1,age_aware_mondrian,60-74,CD,0,550,0.9072727272727272,0.8798837985613828,0.9301787668045246,,
0.1,age_aware_mondrian,60-74,HYP,1,112,0.9464285714285714,0.887040340795679,0.9800890546058892,,
0.1,age_aware_mondrian,60-74,HYP,0,594,0.8838383838383839,0.8553004758170544,0.9084863439040199,,
0.1,age_aware_mondrian,>=75,NORM,1,72,0.9027777777777778,0.8098896595541573,0.9600104990663975,,
0.1,age_aware_mondrian,>=75,NORM,0,457,0.8468271334792122,0.8104800346212578,0.8786064161985094,,
0.1,age_aware_mondrian,>=75,MI,1,232,0.9224137931034483,0.8801510329158949,0.9533707892022555,,
0.1,age_aware_mondrian,>=75,MI,0,297,0.8518518518518519,0.8062656059532125,0.8902465622432051,,
0.1,age_aware_mondrian,>=75,STTC,1,210,0.8666666666666667,0.8130913405213079,0.909538759571084,,
0.1,age_aware_mondrian,>=75,STTC,0,319,0.9341692789968652,0.9011288800399927,0.9587912615611002,,
0.1,age_aware_mondrian,>=75,CD,1,199,0.8894472361809045,0.8374149105181279,0.9294070672819092,,
0.1,age_aware_mondrian,>=75,CD,0,330,0.9212121212121213,0.88668767806065,0.9478894038180552,,
0.1,age_aware_mondrian,>=75,HYP,1,97,0.8762886597938144,0.7938704093835399,0.9344125616049126,,
0.1,age_aware_mondrian,>=75,HYP,0,432,0.9212962962962963,0.8917544167032874,0.9448817487369121,,
0.1,age_aware_mondrian,ALL,record-level,-1,2158,,,,0.5949953660797034,1.1790546802594994
0.05,class_mondrian,<40,NORM,1,236,0.9957627118644068,0.9766187431067302,0.9998927269067787,,
0.05,class_mondrian,<40,NORM,0,48,0.6875,0.5374864218941467,0.8134037169039876,,
0.05,class_mondrian,<40,MI,1,7,0.8571428571428571,0.42127680295680187,0.9963897031380992,,
0.05,class_mondrian,<40,MI,0,277,1.0,0.9867710279573058,1.0,,
0.05,class_mondrian,<40,STTC,1,20,0.8,0.5633859970033314,0.942666002949976,,
0.05,class_mondrian,<40,STTC,0,264,0.9962121212121212,0.9790771198298067,0.9999041038105143,,
0.05,class_mondrian,<40,CD,1,37,0.7297297297297297,0.5588063664242642,0.8620974155865023,,
0.05,class_mondrian,<40,CD,0,247,0.9919028340080972,0.9710579778855469,0.9990178869823054,,
0.05,class_mondrian,<40,HYP,1,10,1.0,0.6915028921812371,1.0,,
0.05,class_mondrian,<40,HYP,0,274,0.9817518248175182,0.9579309797199879,0.9940489754409751,,
0.05,class_mondrian,40-59,NORM,1,388,0.9587628865979382,0.9338959974179051,0.976248724789866,,
0.05,class_mondrian,40-59,NORM,0,251,0.900398406374502,0.8564844588591011,0.9345003432719907,,
0.05,class_mondrian,40-59,MI,1,113,0.9026548672566371,0.8324962530883689,0.9503966219123857,,
0.05,class_mondrian,40-59,MI,0,526,0.9771863117870723,0.9604884260571691,0.9881575648676234,,
0.05,class_mondrian,40-59,STTC,1,98,0.9285714285714286,0.8583547530101826,0.97080102035873,,
0.05,class_mondrian,40-59,STTC,0,541,0.9852125693160814,0.9710716300117407,0.9935947863251927,,
0.05,class_mondrian,40-59,CD,1,104,0.8653846153846154,0.7844626293406728,0.9244064405911468,,
0.05,class_mondrian,40-59,CD,0,535,0.9775700934579439,0.96114749602085,0.9883576890476256,,
0.05,class_mondrian,40-59,HYP,1,43,0.9069767441860465,0.7786465546185307,0.9740687097336918,,
0.05,class_mondrian,40-59,HYP,0,596,0.9781879194630873,0.9629894872733984,0.9883360816572672,,
0.05,class_mondrian,60-74,NORM,1,267,0.9400749063670412,0.904507811769368,0.9653631979554534,,
0.05,class_mondrian,60-74,NORM,0,439,0.9362186788154897,0.9091349678728371,0.9572029474139327,,
0.05,class_mondrian,60-74,MI,1,198,0.9393939393939394,0.8965271220400126,0.9682950515381274,,
0.05,class_mondrian,60-74,MI,0,508,0.9153543307086615,0.8876756798322395,0.9380655191394712,,
0.05,class_mondrian,60-74,STTC,1,193,0.9533678756476683,0.9133259616468173,0.9784580843767685,,
0.05,class_mondrian,60-74,STTC,0,513,0.9688109161793372,0.9498441150556907,0.9820697813795888,,
0.05,class_mondrian,60-74,CD,1,156,0.967948717948718,0.9267904941618961,0.9895126950410644,,
0.05,class_mondrian,60-74,CD,0,550,0.9472727272727273,0.9251499669132467,0.9644069823215694,,
0.05,class_mondrian,60-74,HYP,1,112,0.9553571428571429,0.8988899264428163,0.9853478851277025,,
0.05,class_mondrian,60-74,HYP,0,594,0.9461279461279462,0.9247968369960259,0.9628633670998162,,
0.05,class_mondrian,>=75,NORM,1,72,0.9027777777777778,0.8098896595541573,0.9600104990663975,,
0.05,class_mondrian,>=75,NORM,0,457,0.9824945295404814,0.9657997315317061,0.9924128468801883,,
0.05,class_mondrian,>=75,MI,1,232,0.978448275862069,0.9504248723977606,0.992966048830025,,
0.05,class_mondrian,>=75,MI,0,297,0.8653198653198653,0.8211485442868036,0.902009432213031,,
0.05,class_mondrian,>=75,STTC,1,210,0.9571428571428572,0.9202053090730401,0.9802185178140981,,
0.05,class_mondrian,>=75,STTC,0,319,0.9467084639498433,0.916044364707562,0.9686528600047609,,
0.05,class_mondrian,>=75,CD,1,199,0.9949748743718593,0.9723212870834622,0.9998727829268789,,
0.05,class_mondrian,>=75,CD,0,330,0.9181818181818182,0.8831907721316932,0.9453901210107787,,
0.05,class_mondrian,>=75,HYP,1,97,0.9690721649484536,0.9122682178595579,0.9935759525468445,,
0.05,class_mondrian,>=75,HYP,0,432,0.9143518518518519,0.8838776015679076,0.9389796867119323,,
0.05,class_mondrian,ALL,record-level,-1,2158,,,,0.7446709916589435,1.3233549582947173
0.05,age_aware_mondrian,<40,NORM,1,236,0.9788135593220338,0.9512531973560141,0.99308587627954,,
0.05,age_aware_mondrian,<40,NORM,0,48,0.8125,0.6737069760427918,0.9105016181506271,,
0.05,age_aware_mondrian,<40,MI,1,7,1.0,0.5903836027749514,1.0,,
0.05,age_aware_mondrian,<40,MI,0,277,0.9386281588447654,0.9035543132263597,0.9638456943860896,,
0.05,age_aware_mondrian,<40,STTC,1,20,0.85,0.6210731734547044,0.9679290628144552,,
0.05,age_aware_mondrian,<40,STTC,0,264,0.9772727272727273,0.951191217653977,0.9916148711759408,,
0.05,age_aware_mondrian,<40,CD,1,37,0.8378378378378378,0.6798629241323241,0.9380742786664513,,
0.05,age_aware_mondrian,<40,CD,0,247,0.9595141700404858,0.9268072686022453,0.9804174869338254,,
0.05,age_aware_mondrian,<40,HYP,1,10,1.0,0.6915028921812371,1.0,,
0.05,age_aware_mondrian,<40,HYP,0,274,0.9744525547445255,0.9480732071961507,0.989668257101735,,
0.05,age_aware_mondrian,40-59,NORM,1,388,0.9639175257731959,0.9402003058275655,0.9801355323166292,,
0.05,age_aware_mondrian,40-59,NORM,0,251,0.9601593625498008,0.9279539290457958,0.9807322364196059,,
0.05,age_aware_mondrian,40-59,MI,1,113,0.9823008849557522,0.9375258478548558,0.9978493216840199,,
0.05,age_aware_mondrian,40-59,MI,0,526,0.9619771863117871,0.9418859262362897,0.9766227442752684,,
0.05,age_aware_mondrian,40-59,STTC,1,98,0.9795918367346939,0.9282179428298969,0.9975188501212876,,
0.05,age_aware_mondrian,40-59,STTC,0,541,0.9593345656192237,0.9390772463120515,0.9743426930348924,,
0.05,age_aware_mondrian,40-59,CD,1,104,0.9519230769230769,0.8913640399850995,0.9842075518460326,,
0.05,age_aware_mondrian,40-59,CD,0,535,0.9626168224299065,0.9428534506092486,0.9770185554459191,,
0.05,age_aware_mondrian,40-59,HYP,1,43,1.0,0.9177888788458616,1.0,,
0.05,age_aware_mondrian,40-59,HYP,0,596,0.9446308724832215,0.9231168026947982,0.9615835944519774,,
0.05,age_aware_mondrian,60-74,NORM,1,267,0.9550561797752809,0.9228088111421001,0.9765643613985092,,
0.05,age_aware_mondrian,60-74,NORM,0,439,0.9271070615034168,0.8986528531129586,0.9496099300771353,,
0.05,age_aware_mondrian,60-74,MI,1,198,0.9393939393939394,0.8965271220400126,0.9682950515381274,,
0.05,age_aware_mondrian,60-74,MI,0,508,0.9566929133858267,0.9351644349120364,0.9726638479864446,,
0.05,age_aware_mondrian,60-74,STTC,1,193,0.9533678756476683,0.9133259616468173,0.9784580843767685,,
0.05,age_aware_mondrian,60-74,STTC,0,513,0.9746588693957114,0.9570557161851041,0.9864394619335429,,
0.05,age_aware_mondrian,60-74,CD,1,156,0.967948717948718,0.9267904941618961,0.9895126950410644,,
0.05,age_aware_mondrian,60-74,CD,0,550,0.9581818181818181,0.937910798593919,0.9733092299048073,,
0.05,age_aware_mondrian,60-74,HYP,1,112,0.9553571428571429,0.8988899264428163,0.9853478851277025,,
0.05,age_aware_mondrian,60-74,HYP,0,594,0.9511784511784511,0.9306341039194069,0.967063106075704,,
0.05,age_aware_mondrian,>=75,NORM,1,72,0.9861111111111112,0.9250286891460809,0.9996484255949444,,
0.05,age_aware_mondrian,>=75,NORM,0,457,0.9146608315098468,0.885184721648585,0.9386126898944488,,
0.05,age_aware_mondrian,>=75,MI,1,232,0.9439655172413793,0.9060853163566778,0.9698300938090642,,
0.05,age_aware_mondrian,>=75,MI,0,297,0.936026936026936,0.9018986775330199,0.9610480367626412,,
0.05,age_aware_mondrian,>=75,STTC,1,210,0.9714285714285714,0.9388524008065635,0.9894440976517882,,
0.05,age_aware_mondrian,>=75,STTC,0,319,0.9592476489028213,0.9313203559312115,0.9781255665187416,,
0.05,age_aware_mondrian,>=75,CD,1,199,0.9798994974874372,0.9493370441133566,0.9944967850863595,,
0.05,age_aware_mondrian,>=75,CD,0,330,0.9606060606060606,0.9335771941041185,0.9788604595584274,,
0.05,age_aware_mondrian,>=75,HYP,1,97,0.9896907216494846,0.9438958458948752,0.9997390257302576,,
0.05,age_aware_mondrian,>=75,HYP,0,432,0.9421296296296297,0.9157545446746144,0.9622029480642919,,
0.05,age_aware_mondrian,ALL,record-level,-1,2158,,,,0.82483781278962,1.4038924930491194
