alpha,class,true_class,mean,sd,p05,p95,original_split,frac_repeats_ge_gate,original_percentile
0.05,CD,0,0.9589831528279181,0.006413779769348671,0.9464500601684718,0.9675090252707581,0.9578820697954272,1.0,0.32
0.05,CD,1,0.9426512096774193,0.007507558445452124,0.9329637096774194,0.9536290322580645,0.9395161290322581,0.95,0.31
0.05,HYP,0,0.9543644514767933,0.0047563782718330035,0.9476793248945148,0.9614978902953587,0.9541139240506329,1.0,0.505
0.05,HYP,1,0.9526717557251908,0.020999775508579867,0.9198473282442748,0.9732824427480916,0.9541984732824428,0.785,0.535
0.05,MI,0,0.9396921641791045,0.005348410415957571,0.9315298507462687,0.9477611940298507,0.9409203980099502,0.96,0.69
0.05,MI,1,0.9445363636363636,0.007442061324369703,0.9327272727272727,0.9490909090909091,0.9472727272727273,0.97,0.705
0.05,NORM,0,0.9437782426778243,0.005388111948833387,0.9330543933054394,0.9531380753138076,0.9364016736401674,0.985,0.075
0.05,NORM,1,0.9572585669781931,0.007130422364878396,0.9470404984423676,0.9667705088265836,0.9584631360332295,1.0,0.52
0.05,STTC,0,0.9618723274282224,0.005332607481830611,0.9522907758094075,0.9706780696395846,0.9743433109346366,1.0,1.0
0.05,STTC,1,0.9295873320537429,0.011159672654444251,0.9136276391554703,0.944337811900192,0.944337811900192,0.465,0.955
0.1,CD,0,0.9013357400722022,0.008042409596891072,0.8892900120336944,0.9140192539109506,0.8935018050541517,1.0,0.135
0.1,CD,1,0.8988004032258065,0.012982414590106456,0.8790322580645161,0.9133064516129032,0.8870967741935484,0.94,0.155
0.1,HYP,0,0.9000606540084388,0.007787708900870455,0.8860759493670886,0.9113924050632911,0.9034810126582279,1.0,0.68
0.1,HYP,1,0.8916412213740458,0.018728868579999877,0.8736641221374045,0.9198473282442748,0.9045801526717557,0.48,0.82
0.1,MI,0,0.8951865671641791,0.007790355520226622,0.8837064676616916,0.909297263681592,0.8992537313432836,0.985,0.8
0.1,MI,1,0.8945636363636363,0.007892693682367617,0.8836363636363637,0.9072727272727272,0.8945454545454545,0.98,0.745
0.1,NORM,0,0.8820251046025105,0.008143990743748063,0.8727196652719665,0.897907949790795,0.8761506276150628,0.5,0.225
0.1,NORM,1,0.9107476635514018,0.007394776236816573,0.8982346832814122,0.923208722741433,0.9138110072689511,1.0,0.815
0.1,STTC,0,0.9127611484422725,0.0065167042693122365,0.9010384850335981,0.9224190592547342,0.9187538179596824,1.0,0.8
0.1,STTC,1,0.8680230326295586,0.0111707196032833,0.8522072936660269,0.8790786948176583,0.8790786948176583,0.035,0.965
